TripId,Time_Step,Speed(km/h),Acceleration(m/s^2),Heading_Change(degrees),Latitude,Longitude
T-1,1,65,-0.28,0,39.981798,-83.03374
T-1,2,64,-0.28,6,39.981688,-83.033573
T-1,3,64,0,0,39.981581,-83.03342
T-1,4,65,0.28,6,39.98147,-83.033276
T-1,5,66,0.28,0,39.981345,-83.033133
T-1,6,67,0.28,6,39.981211,-83.032995
T-1,7,68,0.28,0,39.981076,-83.032866
T-1,8,68,0,0,39.980938,-83.032741
T-1,9,68,0,6,39.980793,-83.03262
T-1,10,67,-0.28,0,39.98065,-83.032503
T-1,11,66,-0.28,0,39.980505,-83.032388
T-1,12,66,0,0,39.980361,-83.032273
T-1,13,65,-0.28,0,39.98022,-83.032161
T-1,14,64,-0.28,0,39.980078,-83.032053
T-1,15,64,0,0,39.979936,-83.031948
T-1,16,63,-0.28,0,39.979798,-83.031841
T-1,17,63,0,0,39.97966,-83.031735
T-1,18,63,0,0,39.979526,-83.031626
T-1,19,62,-0.28,6,39.979395,-83.031511
T-1,20,62,0,0,39.979273,-83.031398
T-1,21,61,-0.28,6,39.979155,-83.031273
T-1,22,61,0,0,39.979038,-83.031143
T-1,23,61,0,0,39.978921,-83.031013
T-1,24,60,-0.28,0,39.978806,-83.030885
T-1,25,60,0,0,39.978691,-83.030756
T-1,26,59,-0.28,0,39.978575,-83.030633
T-1,27,59,0,6,39.97846,-83.030515
T-1,28,59,0,0,39.978341,-83.0304
T-1,29,59,0,0,39.978218,-83.03029
T-1,30,59,0,6,39.978093,-83.030185
T-1,31,60,0.28,0,39.977963,-83.030088
T-1,32,60,0,0,39.977833,-83.029995
T-1,33,60,0,6,39.9777,-83.029905
T-1,34,61,0.28,0,39.977563,-83.029815
T-1,35,61,0,0,39.977435,-83.02973
T-1,36,61,0,6,39.977293,-83.029656
T-1,37,61,0,0,39.97715,-83.029588
T-1,38,61,0,0,39.977011,-83.029526
T-1,39,61,0,0,39.976868,-83.029471
T-1,40,61,0,6,39.97672,-83.029425
T-1,41,61,0,0,39.976571,-83.02938
T-1,42,61,0,0,39.97642,-83.029341
T-1,43,61,0,0,39.976268,-83.029306
T-1,44,60,-0.28,6,39.976111,-83.029273
T-1,45,60,0,0,39.97596,-83.029246
T-1,46,60,0,0,39.975806,-83.029225
T-1,47,59,-0.28,0,39.975656,-83.029208
T-1,48,56,-0.83,0,39.975506,-83.02919
T-1,49,53,-0.83,6,39.975365,-83.029185
T-1,50,49,-1.11,0,39.975228,-83.029178
T-1,51,48,-0.28,0,39.975103,-83.029176
T-1,52,46,-0.56,0,39.97498,-83.02918
T-1,53,43,-0.83,0,39.974863,-83.029188
T-1,54,38,-1.39,6,39.974753,-83.029198
T-1,55,33,-1.39,0,39.974655,-83.029206
T-1,56,29,-1.11,6,39.97457,-83.029213
T-1,57,27,-0.56,12,39.9745,-83.029203
T-1,58,27,0,18,39.97444,-83.029165
T-1,59,30,0.83,18,39.97439,-83.029101
T-1,60,34,1.11,12,39.97435,-83.02902
T-1,61,38,1.11,12,39.974318,-83.028926
T-1,62,42,1.11,12,39.97431,-83.028806
T-1,63,45,0.83,6,39.974305,-83.028673
T-1,64,48,0.83,0,39.974298,-83.028528
T-1,65,49,0.28,6,39.97429,-83.028373
T-1,66,50,0.28,0,39.974281,-83.028213
T-1,67,52,0.56,0,39.974271,-83.028051
T-1,68,53,0.28,0,39.974263,-83.027881
T-1,69,53,0,0,39.974256,-83.027711
T-1,70,54,0.28,0,39.974248,-83.027536
T-1,71,55,0.28,0,39.97424,-83.027361
T-1,72,55,0,6,39.974233,-83.027183
T-1,73,55,0,6,39.974226,-83.027005
T-1,74,56,0.28,6,39.97422,-83.026823
T-1,75,56,0,6,39.974211,-83.026641
T-1,76,57,0.28,0,39.974205,-83.026458
T-1,77,57,0,0,39.974196,-83.026271
T-1,78,57,0,6,39.97419,-83.026085
T-1,79,57,0,0,39.974181,-83.025898
T-1,80,57,0,6,39.974173,-83.025711
T-1,81,56,-0.28,0,39.974166,-83.025525
T-1,82,56,0,0,39.974156,-83.02534
T-1,83,56,0,0,39.974148,-83.025155
T-1,84,55,-0.28,0,39.974136,-83.024968
T-1,85,54,-0.28,0,39.974128,-83.024786
T-1,86,53,-0.28,6,39.974123,-83.024608
T-1,87,51,-0.56,6,39.974116,-83.024435
T-1,88,50,-0.28,6,39.97411,-83.024266
T-1,89,48,-0.56,0,39.974106,-83.024103
T-1,90,47,-0.28,0,39.974105,-83.023946
T-1,91,45,-0.56,0,39.974105,-83.023793
T-1,92,43,-0.56,0,39.974108,-83.023645
T-1,93,40,-0.83,0,39.974111,-83.023503
T-1,94,36,-1.11,0,39.974115,-83.023371
T-1,95,30,-1.67,0,39.97412,-83.023255
T-1,96,24,-1.67,0,39.974121,-83.023156
T-1,97,17,-1.94,0,39.974118,-83.023073
T-1,98,11,-1.67,6,39.974116,-83.023006
T-1,99,5,-1.67,6,39.974123,-83.022975
T-1,100,2,-0.83,0,39.974126,-83.022958
T-1,101,2,0,0,39.97413,-83.022948
T-1,102,0,-0.56,0,39.974135,-83.022945
T-1,103,0,0.0,0,39.97413,-83.022943
T-1,104,0,0.0,0,39.974131,-83.022945
T-1,105,0,0.0,0,39.974131,-83.022945
T-1,106,0,0.0,0,39.974131,-83.022945
T-1,107,0,0.0,0,39.974131,-83.022945
T-1,108,0,0.0,0,39.974131,-83.022945
T-1,109,0,0.0,0,39.974131,-83.022945
T-1,110,0,0.0,0,39.974131,-83.022945
T-1,111,0,0.0,0,39.974131,-83.022945
T-1,112,0,0.0,0,39.974131,-83.022945
T-1,113,0,0.0,0,39.974131,-83.022945
T-1,114,0,0.0,0,39.974131,-83.022945
T-1,115,0,0.0,0,39.974131,-83.022945
T-1,116,0,0.0,0,39.974131,-83.022945
T-1,117,0,0.0,0,39.974131,-83.022945
T-1,118,0,0.0,0,39.974131,-83.022945
T-1,119,0,0.0,0,39.974131,-83.022945
T-1,120,0,0.0,0,39.974131,-83.022945
T-1,121,0,0.0,0,39.974131,-83.022945
T-1,122,0,0.0,0,39.974131,-83.022945
T-1,123,0,0.0,0,39.974131,-83.022945
T-1,124,0,0.0,0,39.974131,-83.022945
T-1,125,0,0.0,0,39.974131,-83.022945
T-1,126,0,0.0,0,39.974131,-83.022945
T-1,127,0,0.0,0,39.974131,-83.022945
T-1,128,0,0.0,0,39.974131,-83.022945
T-1,129,0,0.0,0,39.974131,-83.022945
T-1,130,0,0.0,0,39.974131,-83.022945
T-1,131,0,0.0,0,39.974131,-83.022945
T-1,132,0,0.0,0,39.974131,-83.022945
T-1,133,0,0.0,0,39.974131,-83.022945
T-1,134,0,0.0,0,39.974131,-83.022945
T-1,135,0,0.0,0,39.97413,-83.022946
T-1,136,0,0.0,0,39.97413,-83.02295
T-1,137,0,0.0,0,39.97413,-83.02295
T-1,138,0,0.0,0,39.97413,-83.02295
T-1,139,0,0.0,0,39.97413,-83.02295
T-1,140,0,0.0,0,39.974125,-83.022945
T-1,141,2,0.56,0,39.974128,-83.022938
T-1,142,10,2.22,0,39.97413,-83.022921
T-1,143,18,2.22,6,39.97413,-83.022896
T-1,144,25,1.94,0,39.974128,-83.022846
T-1,145,30,1.39,0,39.974131,-83.022775
T-1,146,35,1.39,0,39.974135,-83.022681
T-1,147,39,1.11,0,39.974135,-83.02257
T-1,148,40,0.28,0,39.974141,-83.022446
T-1,149,42,0.56,0,39.97415,-83.022315
T-1,150,44,0.56,0,39.974156,-83.022176
T-1,151,46,0.56,0,39.974166,-83.022035
T-1,152,48,0.56,0,39.974176,-83.021885
T-1,153,49,0.28,0,39.974185,-83.021726
T-1,154,50,0.28,0,39.974193,-83.021571
T-1,155,52,0.56,0,39.9742,-83.02141
T-1,156,54,0.56,6,39.974206,-83.02124
T-1,157,56,0.56,0,39.974206,-83.021061
T-1,158,57,0.28,0,39.974201,-83.020875
T-1,159,58,0.28,0,39.974196,-83.02069
T-1,160,59,0.28,0,39.974191,-83.020501
T-1,161,60,0.28,0,39.974185,-83.020308
T-1,162,62,0.56,0,39.974178,-83.02011
T-1,163,63,0.28,0,39.974171,-83.019906
T-1,164,64,0.28,0,39.974165,-83.019698
T-1,165,64,0,0,39.974158,-83.019491
T-1,166,62,-0.56,0,39.974151,-83.019283
T-1,167,60,-0.56,0,39.974145,-83.019078
T-1,168,58,-0.56,0,39.974136,-83.018878
T-1,169,57,-0.28,0,39.974131,-83.018686
T-1,170,56,-0.28,0,39.974125,-83.018501
T-1,171,54,-0.56,6,39.974116,-83.018318
T-1,172,52,-0.56,0,39.974106,-83.018141
T-1,173,50,-0.56,0,39.97409,-83.01797
T-1,174,50,0,6,39.974068,-83.017805
T-1,175,52,0.56,0,39.974036,-83.017641
T-1,176,54,0.56,6,39.974003,-83.017478
T-1,177,53,-0.28,0,39.97396,-83.017313
T-1,178,49,-1.11,6,39.973906,-83.017155
T-1,179,43,-1.67,6,39.97385,-83.017011
T-1,180,36,-1.94,0,39.973796,-83.016886
T-1,181,29,-1.94,0,39.973748,-83.016786
T-1,182,23,-1.67,6,39.973705,-83.016706
T-1,183,15,-2.22,0,39.973671,-83.016646
T-1,184,8,-1.94,0,39.973646,-83.016608
T-1,185,3,-1.39,0,39.973635,-83.016586
T-1,186,0,-0.83,0,39.973631,-83.016576
T-1,187,0,0.0,0,39.97363,-83.016575
T-1,188,0,0.0,0,39.973626,-83.016575
T-1,189,0,0.0,0,39.973626,-83.016575
T-1,190,0,0.0,0,39.973626,-83.016575
T-1,191,0,0.0,0,39.973626,-83.016575
T-1,192,0,0.0,0,39.973626,-83.016575
T-1,193,0,0.0,0,39.973626,-83.016575
T-1,194,0,0.0,0,39.973626,-83.016575
T-1,195,0,0.0,0,39.973626,-83.016575
T-1,196,0,0.0,0,39.973626,-83.016575
T-1,197,0,0.0,0,39.973626,-83.016575
T-1,198,0,0.0,0,39.973626,-83.016575
T-1,199,0,0.0,0,39.973626,-83.016575
T-1,200,0,0.0,0,39.973626,-83.016575
T-1,201,0,0.0,0,39.973626,-83.016575
T-1,202,1,0.28,0,39.973626,-83.016575
T-1,203,8,1.94,0,39.973626,-83.016575
T-1,204,17,2.5,0,39.973616,-83.016563
T-1,205,24,1.94,6,39.97359,-83.016523
T-1,206,31,1.94,6,39.973553,-83.016463
T-1,207,38,1.94,6,39.9735,-83.01639
T-1,208,44,1.67,0,39.973435,-83.0163
T-1,209,49,1.39,0,39.973356,-83.016196
T-1,210,53,1.11,6,39.97327,-83.016083
T-1,211,56,0.83,0,39.973173,-83.015963
T-1,212,59,0.83,0,39.973071,-83.015835
T-1,213,62,0.83,6,39.972966,-83.0157
T-1,214,64,0.56,0,39.972868,-83.015555
T-1,215,66,0.56,6,39.97278,-83.0154
T-1,216,68,0.56,6,39.972686,-83.015251
T-1,217,70,0.56,6,39.972605,-83.015096
T-1,218,72,0.56,18,39.97255,-83.01489
T-1,219,73,0.28,6,39.972511,-83.014686
T-1,220,74,0.28,6,39.972456,-83.014463
T-1,221,75,0.28,0,39.972396,-83.014221
T-1,222,76,0.28,6,39.972345,-83.01398
T-1,223,75,-0.28,0,39.972295,-83.013735
T-1,224,75,0,0,39.972241,-83.013488
T-1,225,74,-0.28,0,39.972191,-83.013243
T-1,226,73,-0.28,0,39.972141,-83.013003
T-1,227,72,-0.28,0,39.972096,-83.012766
T-1,228,72,0,0,39.972048,-83.012531
T-1,229,71,-0.28,0,39.972001,-83.012301
T-1,230,70,-0.28,6,39.971953,-83.012075
T-1,231,69,-0.28,6,39.971906,-83.011848
T-1,232,67,-0.56,0,39.971863,-83.011628
T-1,233,65,-0.56,0,39.97182,-83.011413
T-1,234,63,-0.56,0,39.971786,-83.011201
T-1,235,61,-0.56,0,39.971751,-83.010998
T-1,236,58,-0.83,0,39.971716,-83.0108
T-1,237,53,-1.39,0,39.971683,-83.010611
T-1,238,46,-1.94,0,39.97165,-83.01044
T-1,239,37,-2.5,0,39.97162,-83.010288
T-1,240,28,-2.5,0,39.971596,-83.010168
T-1,241,23,-1.39,0,39.971578,-83.010075
T-1,242,19,-1.11,0,39.971563,-83.009998
T-1,243,15,-1.11,0,39.97155,-83.009935
T-1,244,12,-0.83,6,39.97154,-83.009886
T-1,245,11,-0.28,6,39.971533,-83.009848
T-1,246,14,0.83,6,39.971526,-83.009813
T-1,247,19,1.39,6,39.971518,-83.009768
T-1,248,24,1.39,6,39.971513,-83.009708
T-1,249,27,0.83,18,39.971525,-83.009638
T-1,250,30,0.83,12,39.971553,-83.009565
T-1,251,33,0.83,24,39.971606,-83.009495
T-1,252,37,1.11,18,39.971675,-83.009431
T-1,253,40,0.83,12,39.97176,-83.009396
T-1,254,40,0,6,39.971858,-83.009373
T-1,255,39,-0.28,0,39.971958,-83.009358
T-1,256,34,-1.39,0,39.972056,-83.009346
T-1,257,26,-2.22,0,39.972143,-83.009341
T-1,258,21,-1.39,0,39.972213,-83.009338
T-1,259,18,-0.83,0,39.972268,-83.009336
T-1,260,14,-1.11,6,39.972313,-83.009335
T-1,261,9,-1.39,0,39.97235,-83.009333
T-1,262,5,-1.11,0,39.972373,-83.00933
T-1,263,2,-0.83,0,39.972386,-83.009328
T-1,264,2,0,0,39.972393,-83.009328
T-1,265,0,-0.56,0,39.972396,-83.009328
T-1,266,1,0.28,0,39.972401,-83.009326
T-1,267,1,0,0,39.972403,-83.009326
T-1,268,1,0,0,39.972406,-83.009325
T-1,269,1,0,0,39.97241,-83.009325
T-1,270,1,0,0,39.972415,-83.009323
T-1,271,1,0,0,39.972416,-83.009323
T-1,272,1,0,0,39.97242,-83.009323
T-1,273,0,-0.28,0,39.97242,-83.009323
T-1,274,0,0.0,0,39.97242,-83.009323
T-1,275,0,0.0,0,39.97242,-83.009323
T-1,276,0,0.0,0,39.97242,-83.009323
T-1,277,0,0.0,0,39.97242,-83.009323
T-1,278,0,0.0,0,39.97242,-83.009323
T-1,279,0,0.0,0,39.97242,-83.009323
T-1,280,0,0.0,0,39.97242,-83.009323
T-1,281,0,0.0,0,39.97242,-83.009323
T-1,282,0,0.0,0,39.97242,-83.009323
T-1,283,3,0.83,0,39.97242,-83.009323
T-1,284,12,2.5,0,39.97242,-83.009323
T-1,285,18,1.67,12,39.97244,-83.009315
T-1,286,21,0.83,6,39.97248,-83.009296
T-1,287,27,1.67,18,39.972525,-83.009251
T-1,288,33,1.67,12,39.972566,-83.009185
T-1,289,41,2.22,18,39.9726,-83.009086
T-1,290,47,1.67,6,39.97263,-83.008968
T-1,291,53,1.67,0,39.972665,-83.008828
T-1,292,57,1.11,0,39.972703,-83.008671
T-1,293,62,1.39,0,39.972741,-83.008496
T-1,294,66,1.11,6,39.972778,-83.008303
T-1,295,70,1.11,6,39.972805,-83.008091
T-1,296,74,1.11,0,39.972831,-83.007865
T-1,297,77,0.83,0,39.972851,-83.007625
T-1,298,79,0.56,0,39.972866,-83.007376
T-1,299,80,0.28,0,39.972885,-83.00712
T-1,300,81,0.28,0,39.972901,-83.006858
T-1,301,82,0.28,0,39.97292,-83.006593
T-1,302,82,0,0,39.97294,-83.006328
T-1,303,82,0,0,39.972968,-83.006063
T-1,304,82,0,6,39.973003,-83.005798
T-1,305,82,0,0,39.97305,-83.005536
T-1,306,82,0,6,39.973111,-83.005281
T-1,307,82,0,6,39.973183,-83.005031
T-1,308,83,0.28,0,39.973271,-83.004785
T-1,309,85,0.56,0,39.973358,-83.004536
T-1,310,87,0.56,0,39.97344,-83.004281
T-1,311,90,0.83,12,39.973483,-83.004011
T-1,312,92,0.56,6,39.973501,-83.00374
T-1,313,94,0.56,0,39.973493,-83.003475
T-1,314,95,0.28,6,39.973493,-83.00328
T-1,315,97,0.56,18,39.97358,-83.003101
T-1,316,98,0.28,6,39.973673,-83.002903
T-1,317,99,0.28,0,39.97376,-83.002706
T-1,318,100,0.28,6,39.973968,-83.002378
T-1,319,100,0,0,39.97415,-83.002066
T-1,320,101,0.28,0,39.974383,-83.001713
T-1,321,102,0.28,0,39.974593,-83.001375
T-1,322,102,0,0,39.974771,-83.001056
T-1,323,102,0,0,39.974946,-83.000756
T-1,324,102,0,0,39.975096,-83.000445
T-1,325,102,0,6,39.975231,-83.000145
T-1,326,102,0,0,39.975353,-82.999836
T-1,327,102,0,0,39.975458,-82.999525
T-1,328,102,0,6,39.975538,-82.999206
T-1,329,102,0,6,39.975605,-82.998893
T-1,330,102,0,6,39.975651,-82.998571
T-1,331,101,-0.28,0,39.975678,-82.998251
T-1,332,102,0.28,6,39.975691,-82.997926
T-1,333,102,0,0,39.975695,-82.997595
T-1,334,102,0,6,39.975685,-82.997261
T-1,335,103,0.28,6,39.975653,-82.996935
T-1,336,103,0,0,39.975603,-82.996615
T-1,337,103,0,6,39.975536,-82.996293
T-1,338,103,0,0,39.975455,-82.995978
T-1,339,103,0,6,39.975356,-82.99567
T-1,340,103,0,6,39.975241,-82.99537
T-1,341,103,0,0,39.975115,-82.995078
T-1,342,102,-0.28,6,39.97497,-82.994803
T-1,343,102,0,0,39.974816,-82.99454
T-1,344,103,0.28,6,39.974653,-82.994285
T-1,345,103,0,6,39.974481,-82.994041
T-1,346,104,0.28,0,39.974293,-82.993811
T-1,347,104,0,0,39.974105,-82.99359
T-1,348,104,0,6,39.973906,-82.993373
T-1,349,104,0,0,39.973703,-82.993161
T-1,350,103,-0.28,0,39.973498,-82.992951
T-1,351,103,0,0,39.973295,-82.992741
T-1,352,103,0,6,39.973093,-82.99253
T-1,353,103,0,0,39.972895,-82.992311
T-1,354,103,0,0,39.972701,-82.992085
T-1,355,103,0,6,39.972521,-82.991843
T-1,356,103,0,6,39.972355,-82.991586
T-1,357,103,0,0,39.972208,-82.991316
T-1,358,102,-0.28,6,39.972078,-82.99103
T-1,359,102,0,6,39.971963,-82.990731
T-1,360,102,0,6,39.971866,-82.990421
T-1,361,103,0.28,0,39.971791,-82.990103
T-1,362,103,0,6,39.971733,-82.989776
T-1,363,103,0,6,39.971691,-82.989445
T-1,364,104,0.28,0,39.971665,-82.989111
T-1,365,104,0,6,39.971648,-82.988775
T-1,366,105,0.28,0,39.971645,-82.988435
T-1,367,105,0,6,39.971656,-82.988095
T-1,368,106,0.28,0,39.971681,-82.987753
T-1,369,106,0,6,39.97172,-82.987413
T-1,370,107,0.28,0,39.971775,-82.987073
T-1,371,108,0.28,6,39.971843,-82.986735
T-1,372,108,0,0,39.971926,-82.986401
T-1,373,109,0.28,0,39.972021,-82.986073
T-1,374,109,0,6,39.972135,-82.98575
T-1,375,110,0.28,6,39.972265,-82.985435
T-1,376,111,0.28,0,39.972408,-82.985128
T-1,377,111,0,6,39.972565,-82.98483
T-1,378,112,0.28,0,39.972735,-82.984541
T-1,379,112,0,6,39.972923,-82.98427
T-1,380,113,0.28,6,39.973123,-82.984008
T-1,381,113,0,0,39.973335,-82.983761
T-1,382,113,0,6,39.97356,-82.983531
T-1,383,114,0.28,0,39.973795,-82.983325
T-1,384,115,0.28,6,39.974031,-82.98313
T-1,385,116,0.28,0,39.974283,-82.982953
T-1,386,116,0,6,39.974548,-82.982796
T-1,387,117,0.28,6,39.974823,-82.982661
T-1,388,117,0,0,39.975103,-82.98254
T-1,389,117,0,0,39.975386,-82.982425
T-1,390,117,0,0,39.975668,-82.982305
T-1,391,117,0,6,39.975945,-82.982171
T-1,392,116,-0.28,0,39.976213,-82.982016
T-1,393,116,0,6,39.976471,-82.981835
T-1,394,115,-0.28,6,39.976721,-82.981628
T-1,395,114,-0.28,0,39.976951,-82.981401
T-1,396,114,0,6,39.977166,-82.981151
T-1,397,114,0,6,39.977363,-82.980883
T-1,398,113,-0.28,6,39.97755,-82.980591
T-1,399,114,0.28,0,39.977715,-82.980283
T-1,400,114,0,6,39.977858,-82.97996
T-1,401,114,0,6,39.977981,-82.979623
T-1,402,115,0.28,6,39.978083,-82.979275
T-1,403,115,0,6,39.978161,-82.978916
T-1,404,115,0,0,39.97822,-82.978548
T-1,405,116,0.28,6,39.978255,-82.978175
T-1,406,116,0,0,39.978275,-82.977798
T-1,407,116,0,6,39.978283,-82.97742
T-1,408,116,0,0,39.978285,-82.97704
T-1,409,115,-0.28,0,39.978288,-82.976661
T-1,410,115,0,0,39.978295,-82.976283
T-1,411,115,0,0,39.978305,-82.975906
T-1,412,114,-0.28,0,39.97832,-82.97553
T-1,413,113,-0.28,6,39.978336,-82.975155
T-1,414,112,-0.28,0,39.978358,-82.974785
T-1,415,111,-0.28,0,39.978383,-82.974418
T-1,416,110,-0.28,0,39.978413,-82.974056
T-1,417,108,-0.56,0,39.978443,-82.973698
T-1,418,107,-0.28,0,39.978476,-82.973346
T-1,419,106,-0.28,0,39.978511,-82.973
T-1,420,106,0,0,39.97855,-82.972658
T-1,421,105,-0.28,6,39.978595,-82.972316
T-1,422,104,-0.28,0,39.978643,-82.971976
T-1,423,103,-0.28,0,39.978693,-82.971641
T-1,424,102,-0.28,0,39.978745,-82.97131
T-1,425,102,0,0,39.978796,-82.97098
T-1,426,101,-0.28,0,39.97885,-82.970655
T-1,427,102,0.28,0,39.978901,-82.970328
T-1,428,103,0.28,0,39.978953,-82.970001
T-1,429,104,0.28,0,39.979006,-82.969671
T-1,430,105,0.28,0,39.97906,-82.969338
T-1,431,106,0.28,0,39.979113,-82.969003
T-1,432,106,0,0,39.979168,-82.968663
T-1,433,107,0.28,0,39.979225,-82.968325
T-1,434,107,0,0,39.979288,-82.96798
T-1,435,107,0,0,39.979346,-82.967633
T-1,436,107,0,0,39.979401,-82.967291
T-1,437,107,0,0,39.979458,-82.96695
T-1,438,107,0,0,39.979515,-82.966606
T-1,439,107,0,0,39.979571,-82.966265
T-1,440,107,0,0,39.979628,-82.965925
T-1,441,106,-0.28,0,39.979685,-82.965583
T-1,442,104,-0.56,0,39.979741,-82.965245
T-1,443,103,-0.28,0,39.979796,-82.96491
T-1,444,102,-0.28,0,39.97985,-82.964578
T-1,445,102,0,0,39.979903,-82.96425
T-1,446,102,0,0,39.979955,-82.963923
T-1,447,101,-0.28,0,39.980006,-82.963598
T-1,448,102,0.28,0,39.980058,-82.963273
T-1,449,102,0,0,39.980111,-82.962946
T-1,450,103,0.28,0,39.980163,-82.96262
T-1,451,103,0,0,39.980216,-82.96229
T-1,452,104,0.28,0,39.98027,-82.96196
T-1,453,105,0.28,0,39.980323,-82.961626
T-1,454,106,0.28,0,39.980373,-82.96129
T-1,455,106,0,0,39.98042,-82.96095
T-1,456,106,0,6,39.98046,-82.960608
T-1,457,106,0,0,39.980495,-82.960265
T-1,458,106,0,0,39.980526,-82.959918
T-1,459,106,0,0,39.980553,-82.959571
T-1,460,107,0.28,0,39.980578,-82.959225
T-1,461,107,0,0,39.980596,-82.958875
T-1,462,108,0.28,0,39.980613,-82.958523
T-1,463,108,0,6,39.980625,-82.958171
T-1,464,108,0,0,39.98063,-82.957818
T-1,465,108,0,0,39.98063,-82.957465
T-1,466,108,0,0,39.980628,-82.957111
T-1,467,108,0,0,39.980625,-82.956755
T-1,468,108,0,0,39.980621,-82.956398
T-1,469,108,0,0,39.980615,-82.956045
T-1,470,109,0.28,0,39.980608,-82.95569
T-1,471,110,0.28,0,39.980605,-82.955335
T-1,472,110,0,0,39.980601,-82.954976
T-1,473,110,0,0,39.980598,-82.954616
T-1,474,110,0,0,39.980596,-82.954258
T-1,475,110,0,0,39.9806,-82.953896
T-1,476,111,0.28,0,39.98061,-82.953536
T-1,477,111,0,0,39.980623,-82.953175
T-1,478,111,0,6,39.980641,-82.952811
T-1,479,111,0,0,39.980658,-82.952456
T-1,480,111,0,0,39.98068,-82.952093
T-1,481,111,0,0,39.980703,-82.951731
T-1,482,110,-0.28,0,39.980723,-82.951375
T-1,483,110,0,0,39.980743,-82.951015
T-1,484,110,0,6,39.98076,-82.950653
T-1,485,110,0,0,39.98077,-82.950293
T-1,486,110,0,0,39.980778,-82.949933
T-1,487,110,0,0,39.980785,-82.949573
T-1,488,109,-0.28,0,39.980788,-82.949215
T-1,489,108,-0.28,0,39.980791,-82.948856
T-1,490,107,-0.28,0,39.980793,-82.9485
T-1,491,106,-0.28,0,39.980796,-82.948148
T-1,492,105,-0.28,0,39.980801,-82.947801
T-1,493,104,-0.28,0,39.980808,-82.947456
T-1,494,104,0,0,39.980816,-82.947115
T-1,495,103,-0.28,0,39.980826,-82.946776
T-1,496,103,0,0,39.98084,-82.946438
T-1,497,103,0,6,39.980855,-82.946101
T-1,498,102,-0.28,0,39.980868,-82.945765
T-1,499,102,0,6,39.980881,-82.94543
T-1,500,101,-0.28,0,39.980895,-82.945096
T-1,501,100,-0.28,6,39.98091,-82.944766
T-1,502,99,-0.28,0,39.980926,-82.94444
T-1,503,98,-0.28,0,39.980948,-82.944115
T-1,504,96,-0.56,0,39.980978,-82.943795
T-1,505,94,-0.56,6,39.981016,-82.943483
T-1,506,94,0,0,39.981066,-82.943178
T-1,507,94,0,6,39.98113,-82.942881
T-1,508,94,0,0,39.981208,-82.94259
T-1,509,95,0.28,6,39.981301,-82.942306
T-1,510,95,0,6,39.981408,-82.942026
T-1,511,96,0.28,0,39.981531,-82.941756
T-1,512,97,0.28,6,39.981666,-82.941498
T-1,513,97,0,0,39.981808,-82.941255
T-1,514,98,0.28,6,39.981968,-82.941021
T-1,515,100,0.56,6,39.982148,-82.9408
T-1,516,101,0.28,6,39.98234,-82.94059
T-1,517,101,0,0,39.982548,-82.940396
T-1,518,102,0.28,6,39.982766,-82.940223
T-1,519,102,0,6,39.982995,-82.940066
T-1,520,102,0,0,39.98323,-82.939931
T-1,521,101,-0.28,6,39.983468,-82.93981
T-1,522,102,0.28,0,39.98371,-82.939703
T-1,523,102,0,0,39.983955,-82.939603
T-1,524,102,0,0,39.984203,-82.93951
T-1,525,102,0,0,39.984451,-82.93942
T-1,526,102,0,0,39.984698,-82.939328
T-1,527,102,0,0,39.984945,-82.939238
T-1,528,103,0.28,0,39.985195,-82.939148
T-1,529,103,0,0,39.985443,-82.93906
T-1,530,103,0,6,39.985693,-82.938986
T-1,531,103,0,0,39.985945,-82.938905
T-1,532,103,0,0,39.986196,-82.938825
T-1,533,103,0,0,39.986446,-82.938745
T-1,534,102,-0.28,0,39.9867,-82.938668
T-1,535,101,-0.28,0,39.986948,-82.938591
T-1,536,101,0,0,39.9872,-82.938515
T-1,537,101,0,0,39.987451,-82.938441
T-1,538,101,0,0,39.9877,-82.938368
T-1,539,100,-0.28,0,39.987948,-82.938295
T-1,540,99,-0.28,0,39.988195,-82.938221
T-1,541,97,-0.56,0,39.988438,-82.938143
T-1,542,96,-0.28,6,39.988676,-82.93806
T-1,543,94,-0.56,0,39.988908,-82.937971
T-1,544,92,-0.56,0,39.989133,-82.937876
T-1,545,92,0,0,39.989355,-82.937778
T-1,546,91,-0.28,0,39.989571,-82.937673
T-1,547,91,0,6,39.989786,-82.937563
T-1,548,90,-0.28,0,39.989998,-82.937446
T-1,549,88,-0.56,0,39.990206,-82.937325
T-1,550,87,-0.28,0,39.990408,-82.9372
T-1,551,87,0,0,39.990603,-82.937073
T-1,552,88,0.28,6,39.990798,-82.936941
T-1,553,88,0,0,39.990991,-82.936803
T-1,554,88,0,0,39.991185,-82.936656
T-1,555,88,0,0,39.991378,-82.936506
T-1,556,88,0,0,39.991565,-82.936353
T-1,557,89,0.28,6,39.991751,-82.936193
T-1,558,89,0,0,39.991936,-82.936033
T-1,559,90,0.28,0,39.992123,-82.93587
T-1,560,91,0.28,0,39.992311,-82.935706
T-1,561,92,0.28,0,39.992501,-82.935541
T-1,562,92,0,0,39.992693,-82.935373
T-1,563,92,0,0,39.992886,-82.935205
T-1,564,92,0,0,39.993078,-82.935036
T-1,565,93,0.28,0,39.993273,-82.934868
T-1,566,94,0.28,0,39.99347,-82.934698
T-1,567,95,0.28,0,39.993668,-82.934528
T-1,568,97,0.56,0,39.993866,-82.934355
T-1,569,98,0.28,0,39.99407,-82.934178
T-1,570,99,0.28,0,39.994271,-82.933995
T-1,571,100,0.28,0,39.994471,-82.933801
T-1,572,101,0.28,6,39.994668,-82.933598
T-1,573,102,0.28,0,39.994858,-82.933381
T-1,574,102,0,0,39.995043,-82.93315
T-1,575,103,0.28,6,39.99522,-82.932906
T-1,576,102,-0.28,0,39.995391,-82.932655
T-1,577,101,-0.28,0,39.995563,-82.9324
T-1,578,101,0,0,39.99573,-82.932145
T-1,579,101,0,0,39.995893,-82.931891
T-1,580,100,-0.28,0,39.996053,-82.931638
T-1,581,101,0.28,0,39.996215,-82.931385
T-1,582,101,0,0,39.996378,-82.931131
T-1,583,102,0.28,0,39.996541,-82.930878
T-1,584,102,0,0,39.996705,-82.930621
T-1,585,103,0.28,6,39.996866,-82.930365
T-1,586,103,0,6,39.997031,-82.930105
T-1,587,104,0.28,0,39.997201,-82.929841
T-1,588,104,0,0,39.99737,-82.92958
T-1,589,105,0.28,0,39.99754,-82.929315
T-1,590,106,0.28,0,39.997711,-82.92905
T-1,591,106,0,0,39.997885,-82.928781
T-1,592,106,0,0,39.998056,-82.928513
T-1,593,106,0,0,39.99823,-82.928245
T-1,594,106,0,0,39.9984,-82.92798
T-1,595,105,-0.28,0,39.998571,-82.927715
T-1,596,105,0,0,39.998743,-82.927451
T-1,597,105,0,0,39.998911,-82.92719
T-1,598,104,-0.28,0,39.99908,-82.926928
T-1,599,102,-0.56,0,39.999248,-82.926668
T-1,600,100,-0.56,0,39.99942,-82.926403
T-1,601,99,-0.28,0,39.99959,-82.926146
T-1,602,98,-0.28,0,39.999751,-82.925896
T-1,603,97,-0.28,0,39.999911,-82.925648
T-1,604,97,0,0,40.000066,-82.925403
T-1,605,98,0.28,0,40.000223,-82.925161
T-1,606,98,0,0,40.000378,-82.92492
T-1,607,98,0,0,40.000535,-82.924673
T-1,608,98,0,0,40.00069,-82.924428
T-1,609,99,0.28,0,40.00085,-82.92418
T-1,610,100,0.28,0,40.001011,-82.923931
T-1,611,100,0,0,40.00117,-82.923681
T-1,612,100,0,0,40.001331,-82.92343
T-1,613,100,0,0,40.00149,-82.92318
T-1,614,100,0,6,40.001645,-82.922928
T-1,615,101,0.28,0,40.0018,-82.922675
T-1,616,101,0,0,40.001953,-82.92242
T-1,617,102,0.28,0,40.002108,-82.922161
T-1,618,103,0.28,0,40.002261,-82.921896
T-1,619,104,0.28,0,40.002411,-82.92163
T-1,620,104,0,0,40.002561,-82.921358
T-1,621,104,0,0,40.002713,-82.921083
T-1,622,104,0,0,40.002865,-82.920806
T-1,623,104,0,0,40.003016,-82.920528
T-1,624,103,-0.28,0,40.003168,-82.920251
T-1,625,103,0,0,40.00332,-82.919976
T-1,626,103,0,0,40.003471,-82.9197
T-1,627,103,0,0,40.003621,-82.919426
T-1,628,103,0,0,40.00377,-82.919151
T-1,629,104,0.28,0,40.00392,-82.918876
T-1,630,104,0,0,40.004071,-82.9186
T-1,631,104,0,0,40.004221,-82.918323
T-1,632,104,0,0,40.004375,-82.918048
T-1,633,104,0,0,40.004525,-82.917771
T-1,634,104,0,0,40.004676,-82.917495
T-1,635,104,0,0,40.004828,-82.91722
T-1,636,104,0,0,40.00498,-82.916945
T-1,637,104,0,0,40.005131,-82.916668
T-1,638,104,0,0,40.005283,-82.91639
T-1,639,104,0,0,40.005435,-82.916111
T-1,640,104,0,0,40.005586,-82.915833
T-1,641,104,0,0,40.005738,-82.915555
T-1,642,103,-0.28,0,40.005891,-82.915278
T-1,643,102,-0.28,0,40.006041,-82.915003
T-1,644,102,0,0,40.006193,-82.91473
T-1,645,102,0,0,40.006343,-82.914456
T-1,646,103,0.28,0,40.006491,-82.914183
T-1,647,103,0,0,40.006641,-82.913906
T-1,648,103,0,0,40.006791,-82.913631
T-1,649,104,0.28,0,40.006943,-82.913355
T-1,650,104,0,0,40.007095,-82.91308
T-1,651,104,0,0,40.007248,-82.912805
T-1,652,105,0.28,0,40.0074,-82.912526
T-1,653,105,0,0,40.007553,-82.912246
T-1,654,106,0.28,0,40.007706,-82.911965
T-1,655,106,0,0,40.00786,-82.911681
T-1,656,106,0,0,40.008018,-82.911401
T-1,657,105,-0.28,0,40.008178,-82.911125
T-1,658,105,0,0,40.008343,-82.910855
T-1,659,104,-0.28,6,40.008513,-82.910588
T-1,660,103,-0.28,0,40.008686,-82.910328
T-1,661,103,0,0,40.008865,-82.910075
T-1,662,102,-0.28,0,40.00904,-82.909825
T-1,663,102,0,0,40.009213,-82.909575
T-1,664,103,0.28,0,40.00939,-82.90932
T-1,665,103,0,0,40.009561,-82.909066
T-1,666,103,0,0,40.00973,-82.908806
T-1,667,103,0,6,40.009893,-82.908541
T-1,668,102,-0.28,0,40.010053,-82.908271
T-1,669,101,-0.28,0,40.010203,-82.908
T-1,670,100,-0.28,0,40.010346,-82.907725
T-1,671,99,-0.28,6,40.010478,-82.907448
T-1,672,98,-0.28,0,40.0106,-82.907166
T-1,673,97,-0.28,0,40.010716,-82.906881
T-1,674,97,0,6,40.010826,-82.906596
T-1,675,97,0,0,40.010931,-82.90631
T-1,676,98,0.28,0,40.011033,-82.906021
T-1,677,99,0.28,0,40.011135,-82.905728
T-1,678,100,0.28,0,40.011236,-82.905433
T-1,679,100,0,0,40.011345,-82.905138
T-1,680,101,0.28,0,40.011453,-82.904848
T-1,681,101,0,0,40.01156,-82.904551
T-1,682,102,0.28,0,40.011671,-82.904253
T-1,683,102,0,6,40.01179,-82.903958
T-1,684,102,0,0,40.011918,-82.90367
T-1,685,101,-0.28,0,40.012056,-82.903388
T-1,686,101,0,6,40.012201,-82.903115
T-1,687,101,0,0,40.012356,-82.902851
T-1,688,101,0,6,40.012521,-82.9026
T-1,689,102,0.28,6,40.012698,-82.902366
T-1,690,101,-0.28,0,40.01289,-82.902146
T-1,691,99,-0.56,6,40.013096,-82.901951
T-1,692,99,0,6,40.013306,-82.90178
T-1,693,100,0.28,0,40.013526,-82.901623
T-1,694,101,0.28,6,40.013751,-82.901478
T-1,695,101,0,0,40.013983,-82.901351
T-1,696,100,-0.28,6,40.014223,-82.90124
T-1,697,100,0,0,40.014463,-82.901138
T-1,698,100,0,0,40.014703,-82.901045
T-1,699,100,0,0,40.014945,-82.900953
T-1,700,99,-0.28,0,40.015186,-82.900861
T-1,701,99,0,0,40.015425,-82.900761
T-1,702,99,0,0,40.01566,-82.900655
T-1,703,99,0,6,40.015891,-82.900538
T-1,704,99,0,0,40.016118,-82.900405
T-1,705,98,-0.28,6,40.016338,-82.900253
T-1,706,98,0,6,40.016546,-82.900078
T-1,707,98,0,6,40.016738,-82.899883
T-1,708,98,0,0,40.01692,-82.899666
T-1,709,98,0,6,40.017091,-82.899435
T-1,710,98,0,6,40.017245,-82.899185
T-1,711,97,-0.28,0,40.017381,-82.898923
T-1,712,96,-0.28,6,40.0175,-82.898645
T-1,713,95,-0.28,6,40.017601,-82.898361
T-1,714,94,-0.28,6,40.017686,-82.89807
T-1,715,93,-0.28,0,40.017756,-82.897775
T-1,716,93,0,6,40.01781,-82.897476
T-1,717,92,-0.28,0,40.017855,-82.897175
T-1,718,91,-0.28,6,40.017888,-82.896871
T-1,719,90,-0.28,0,40.017915,-82.896575
T-1,720,89,-0.28,0,40.01794,-82.89628
T-1,721,89,0,0,40.017963,-82.895991
T-1,722,88,-0.28,0,40.017988,-82.895701
T-1,723,88,0,0,40.018013,-82.895415
T-1,724,87,-0.28,0,40.018038,-82.895126
T-1,725,86,-0.28,0,40.018061,-82.894841
T-1,726,85,-0.28,0,40.018086,-82.894561
T-1,727,83,-0.56,0,40.018108,-82.894286
T-1,728,81,-0.56,0,40.01813,-82.894016
T-1,729,79,-0.56,0,40.018151,-82.893751
T-1,730,77,-0.56,0,40.018173,-82.893493
T-1,731,75,-0.56,0,40.018193,-82.89324
T-1,732,72,-0.83,0,40.018211,-82.892996
T-1,733,68,-1.11,0,40.01823,-82.892761
T-1,734,65,-0.83,0,40.018246,-82.892538
T-1,735,62,-0.83,0,40.018261,-82.892325
T-1,736,57,-1.39,0,40.018276,-82.892121
T-1,737,52,-1.39,0,40.01829,-82.891935
T-1,738,46,-1.67,0,40.018301,-82.891765
T-1,739,40,-1.67,0,40.018311,-82.891611
T-1,740,34,-1.67,0,40.018321,-82.89148
T-1,741,27,-1.94,0,40.01833,-82.891368
T-1,742,22,-1.39,0,40.018336,-82.891276
T-1,743,18,-1.11,0,40.018341,-82.891203
T-1,744,14,-1.11,0,40.018346,-82.891143
T-1,745,11,-0.83,0,40.01835,-82.891095
T-1,746,7,-1.11,0,40.018351,-82.89106
T-1,747,4,-0.83,0,40.018355,-82.891036
T-1,748,2,-0.56,0,40.018355,-82.891025
T-1,749,2,0,0,40.018355,-82.891016
T-1,750,1,-0.28,0,40.018355,-82.891011
T-1,751,0,-0.28,0,40.018355,-82.891008
T-1,752,0,0.0,0,40.018353,-82.891008
T-1,753,0,0.0,0,40.018353,-82.891008
T-1,754,0,0.0,0,40.018355,-82.891008
T-1,755,0,0.0,0,40.018355,-82.891008
T-1,756,0,0.0,0,40.018355,-82.891008
T-1,757,0,0.0,0,40.018355,-82.891008
T-1,758,0,0.0,0,40.018355,-82.891008
T-1,759,0,0.0,0,40.018355,-82.891008
T-1,760,0,0.0,0,40.018355,-82.891008
T-1,761,0,0.0,0,40.018355,-82.891008
T-1,762,0,0.0,0,40.018355,-82.891008
T-1,763,0,0.0,0,40.018355,-82.891008
T-1,764,0,0.0,0,40.018355,-82.891008
T-1,765,0,0.0,0,40.018355,-82.891013
T-1,766,0,0.0,0,40.018351,-82.891018
T-1,767,0,0.0,0,40.01835,-82.891023
T-1,768,0,0.0,0,40.018343,-82.891028
T-1,769,0,0.0,0,40.018341,-82.891031
T-1,770,0,0.0,0,40.018336,-82.891033
T-1,771,0,0.0,0,40.018333,-82.891035
T-1,772,0,0.0,0,40.01833,-82.891036
T-1,773,0,0.0,0,40.018331,-82.891035
T-1,774,0,0.0,0,40.018331,-82.891035
T-1,775,0,0.0,0,40.018333,-82.891036
T-1,776,0,0.0,0,40.018333,-82.891036
T-1,777,0,0.0,0,40.018333,-82.891036
T-1,778,0,0.0,0,40.018333,-82.891036
T-1,779,0,0.0,0,40.018333,-82.891036
T-1,780,0,0.0,0,40.018333,-82.891036
T-1,781,0,0.0,0,40.018335,-82.891031
T-1,782,0,0.0,0,40.018338,-82.89103
T-1,783,1,0.28,0,40.018341,-82.891028
T-1,784,8,1.94,0,40.018343,-82.891023
T-1,785,17,2.5,0,40.018345,-82.890998
T-1,786,24,1.94,0,40.01835,-82.890946
T-1,787,31,1.94,0,40.018355,-82.890871
T-1,788,37,1.67,0,40.018365,-82.890771
T-1,789,43,1.67,0,40.018373,-82.890655
T-1,790,48,1.39,0,40.018386,-82.89052
T-1,791,52,1.11,0,40.018398,-82.890368
T-1,792,57,1.39,0,40.018413,-82.8902
T-1,793,60,0.83,0,40.01843,-82.890018
T-1,794,64,1.11,0,40.018446,-82.889825
T-1,795,66,0.56,0,40.018461,-82.889618
T-1,796,67,0.28,0,40.018478,-82.889405
T-1,797,68,0.28,0,40.018493,-82.889185
T-1,798,69,0.28,0,40.018508,-82.888961
T-1,799,70,0.28,0,40.018523,-82.888736
T-1,800,71,0.28,0,40.018538,-82.888508
T-1,801,72,0.28,0,40.018551,-82.888276
T-1,802,72,0,0,40.018566,-82.888043
T-1,803,71,-0.28,0,40.01858,-82.887808
T-1,804,71,0,0,40.018591,-82.887576
T-1,805,70,-0.28,0,40.018605,-82.887345
T-1,806,69,-0.28,0,40.018618,-82.887116
T-1,807,68,-0.28,0,40.01863,-82.886891
T-1,808,67,-0.28,0,40.018643,-82.886668
T-1,809,66,-0.28,0,40.018655,-82.886446
T-1,810,65,-0.28,0,40.018665,-82.886228
T-1,811,63,-0.56,0,40.018673,-82.886016
T-1,812,61,-0.56,6,40.018681,-82.885808
T-1,813,58,-0.83,0,40.01869,-82.885608
T-1,814,54,-1.11,0,40.018695,-82.885416
T-1,815,49,-1.39,0,40.018701,-82.885238
T-1,816,45,-1.11,0,40.018705,-82.885076
T-1,817,42,-0.83,0,40.01871,-82.884926
T-1,818,38,-1.11,0,40.018711,-82.884788
T-1,819,33,-1.39,0,40.018715,-82.884661
T-1,820,27,-1.67,0,40.018716,-82.884551
T-1,821,21,-1.67,0,40.018718,-82.88446
T-1,822,15,-1.67,0,40.018718,-82.884388
T-1,823,8,-1.94,0,40.01872,-82.884336
T-1,824,3,-1.39,0,40.018721,-82.884305
T-1,825,1,-0.56,0,40.018721,-82.884291
T-1,826,0,-0.28,0,40.018723,-82.884288
T-1,827,0,0.0,0,40.018723,-82.884286
T-1,828,0,0.0,0,40.018725,-82.884286
T-1,829,0,0.0,0,40.018725,-82.884285
T-1,830,0,0.0,0,40.018725,-82.884285
T-1,831,0,0.0,0,40.018725,-82.884285
T-1,832,0,0.0,0,40.018725,-82.884285
T-1,833,0,0.0,0,40.018725,-82.884285
T-1,834,0,0.0,0,40.018725,-82.884285
T-1,835,0,0.0,0,40.018725,-82.884285
T-1,836,0,0.0,0,40.018725,-82.884285
T-1,837,0,0.0,0,40.018725,-82.884285
T-1,838,0,0.0,0,40.018725,-82.884285
T-1,839,0,0.0,0,40.018725,-82.884285
T-1,840,0,0.0,0,40.018725,-82.884285
T-1,841,0,0.0,0,40.018725,-82.884285
T-1,842,0,0.0,0,40.018725,-82.884285
T-1,843,0,0.0,0,40.018725,-82.884285
T-1,844,0,0.0,0,40.018725,-82.884285
T-1,845,0,0.0,0,40.018725,-82.884285
T-1,846,0,0.0,0,40.018725,-82.884285
T-1,847,0,0.0,0,40.018725,-82.884285
T-1,848,0,0.0,0,40.018725,-82.884285
T-1,849,0,0.0,0,40.018725,-82.884285
T-1,850,0,0.0,0,40.018725,-82.884285
T-1,851,0,0.0,0,40.018725,-82.884285
T-1,852,0,0.0,0,40.018725,-82.884285
T-1,853,0,0.0,0,40.018725,-82.884285
T-1,854,0,0.0,0,40.018725,-82.884285
T-1,855,0,0.0,0,40.018725,-82.884285
T-1,856,0,0.0,0,40.018725,-82.884285
T-1,857,0,0.0,0,40.018725,-82.884285
T-1,858,0,0.0,0,40.018725,-82.884285
T-1,859,0,0.0,0,40.018725,-82.884285
T-1,860,0,0.0,0,40.018725,-82.884285
T-1,861,0,0.0,0,40.018725,-82.884285
T-1,862,0,0.0,0,40.018725,-82.884285
T-1,863,0,0.0,0,40.018725,-82.884285
T-1,864,0,0.0,0,40.018725,-82.884285
T-1,865,0,0.0,0,40.018725,-82.884285
T-1,866,2,0.56,0,40.018725,-82.884285
T-1,867,7,1.39,0,40.018725,-82.884285
T-1,868,16,2.5,0,40.018726,-82.88427
T-1,869,24,2.22,0,40.018728,-82.88422
T-1,870,31,1.94,0,40.01873,-82.884141
T-1,871,38,1.94,0,40.018733,-82.884041
T-1,872,43,1.39,0,40.018733,-82.883921
T-1,873,47,1.11,0,40.018738,-82.883781
T-1,874,51,1.11,0,40.01874,-82.883628
T-1,875,54,0.83,0,40.018743,-82.883461
T-1,876,57,0.83,0,40.018745,-82.883285
T-1,877,59,0.56,0,40.018748,-82.883098
T-1,878,61,0.56,0,40.01875,-82.882905
T-1,879,62,0.28,0,40.018755,-82.882705
T-1,880,63,0.28,0,40.018758,-82.8825
T-1,881,63,0,0,40.018763,-82.882293
T-1,882,63,0,0,40.018766,-82.882085
T-1,883,63,0,0,40.018773,-82.881876
T-1,884,62,-0.28,0,40.01878,-82.881668
T-1,885,61,-0.28,0,40.018785,-82.881463
T-1,886,60,-0.28,0,40.018791,-82.881261
T-1,887,59,-0.28,0,40.018796,-82.881063
T-1,888,58,-0.28,0,40.018803,-82.880866
T-1,889,57,-0.28,0,40.01881,-82.880676
T-1,890,56,-0.28,0,40.018811,-82.880488
T-1,891,55,-0.28,0,40.018816,-82.880303
T-1,892,54,-0.28,0,40.018821,-82.880121
T-1,893,53,-0.28,0,40.018825,-82.879945
T-1,894,54,0.28,0,40.018826,-82.879768
T-1,895,54,0,0,40.018825,-82.879593
T-1,896,55,0.28,0,40.01882,-82.879415
T-1,897,55,0,6,40.01881,-82.879238
T-1,898,56,0.28,0,40.018798,-82.879058
T-1,899,56,0,0,40.018783,-82.878878
T-1,900,56,0,0,40.01877,-82.878696
T-1,901,56,0,0,40.018756,-82.878515
T-1,902,56,0,0,40.018748,-82.878333
T-1,903,55,-0.28,0,40.018738,-82.878153
T-1,904,55,0,0,40.01873,-82.877971
T-1,905,55,0,0,40.01872,-82.87779
T-1,906,54,-0.28,6,40.018713,-82.877611
T-1,907,53,-0.28,0,40.018708,-82.877433
T-1,908,52,-0.28,0,40.018703,-82.877258
T-1,909,52,0,0,40.018698,-82.877085
T-1,910,52,0,0,40.018693,-82.876915
T-1,911,51,-0.28,0,40.018685,-82.876745
T-1,912,50,-0.28,6,40.018678,-82.876573
T-1,913,48,-0.56,0,40.01867,-82.876408
T-1,914,47,-0.28,0,40.018661,-82.876248
T-1,915,46,-0.28,0,40.018655,-82.876096
T-1,916,45,-0.28,0,40.018648,-82.875945
T-1,917,44,-0.28,6,40.018641,-82.875795
T-1,918,44,0,0,40.018635,-82.87565
T-1,919,45,0.28,0,40.01863,-82.875503
T-1,920,46,0.28,0,40.018625,-82.875355
T-1,921,47,0.28,6,40.018618,-82.875205
T-1,922,47,0,0,40.018611,-82.875056
T-1,923,48,0.28,0,40.018605,-82.874903
T-1,924,49,0.28,0,40.018596,-82.874748
T-1,925,49,0,0,40.018588,-82.874591
T-1,926,50,0.28,0,40.01858,-82.87443
T-1,927,50,0,0,40.018571,-82.87427
T-1,928,51,0.28,0,40.018563,-82.87411
T-1,929,51,0,0,40.018555,-82.873946
T-1,930,51,0,0,40.018545,-82.873775
T-1,931,51,0,0,40.018535,-82.873606
T-1,932,51,0,0,40.018526,-82.87344
T-1,933,50,-0.28,0,40.01852,-82.873275
T-1,934,50,0,0,40.018513,-82.87311
T-1,935,49,-0.28,0,40.018505,-82.872946
T-1,936,49,0,0,40.018496,-82.872785
T-1,937,49,0,0,40.018488,-82.872623
T-1,938,49,0,6,40.018483,-82.872463
T-1,939,49,0,6,40.018476,-82.872305
T-1,940,49,0,0,40.018468,-82.872143
T-1,941,49,0,0,40.018461,-82.871983
T-1,942,49,0,6,40.018455,-82.871823
T-1,943,49,0,6,40.01845,-82.871663
T-1,944,50,0.28,6,40.018443,-82.871501
T-1,945,50,0,6,40.018435,-82.87134
T-1,946,50,0,0,40.018426,-82.871176
T-3,1,0,0,0,40.038333,-82.961456
T-3,2,0,0.0,0,40.038333,-82.961456
T-3,3,0,0.0,0,40.038333,-82.961456
T-3,4,0,0.0,0,40.038331,-82.961456
T-3,5,0,0.0,0,40.038331,-82.961458
T-3,6,0,0.0,0,40.038333,-82.961461
T-3,7,2,0.56,0,40.038338,-82.961463
T-3,8,2,0,0,40.038341,-82.961468
T-3,9,4,0.56,12,40.038353,-82.961475
T-3,10,4,0,0,40.038366,-82.961483
T-3,11,6,0.56,6,40.038381,-82.961495
T-3,12,8,0.56,6,40.038396,-82.96151
T-3,13,10,0.56,6,40.038413,-82.961531
T-3,14,10,0,6,40.03843,-82.961561
T-3,15,12,0.56,0,40.038448,-82.961595
T-3,16,10,-0.56,12,40.038461,-82.961628
T-3,17,8,-0.56,0,40.038475,-82.961658
T-3,18,6,-0.56,0,40.038486,-82.961683
T-3,19,4,-0.56,6,40.038491,-82.9617
T-3,20,2,-0.56,0,40.0385,-82.961715
T-3,21,0,-0.56,0,40.038505,-82.961726
T-3,22,0,0.0,0,40.038511,-82.961736
T-3,23,0,0.0,0,40.038515,-82.961741
T-3,24,0,0.0,0,40.038518,-82.961745
T-3,25,0,0.0,0,40.03852,-82.961748
T-3,26,0,0.0,0,40.038523,-82.961751
T-3,27,0,0.0,0,40.038523,-82.96175
T-3,28,0,0.0,6,40.038525,-82.961755
T-3,29,0,0.0,0,40.038528,-82.961758
T-3,30,0,0.0,0,40.03853,-82.96176
T-3,31,0,0.0,0,40.038533,-82.961765
T-3,32,0,0.0,0,40.038535,-82.961765
T-3,33,0,0.0,0,40.038536,-82.961765
T-3,34,0,0.0,0,40.038536,-82.961763
T-3,35,0,0.0,0,40.038536,-82.961763
T-3,36,0,0.0,0,40.038536,-82.961763
T-3,37,0,0.0,0,40.038536,-82.961763
T-3,38,0,0.0,0,40.038536,-82.961763
T-3,39,0,0.0,0,40.038536,-82.961763
T-3,40,2,0.56,0,40.038538,-82.961768
T-3,41,4,0.56,6,40.038543,-82.96178
T-3,42,6,0.56,0,40.038548,-82.961793
T-3,43,6,0,24,40.038561,-82.961805
T-3,44,8,0.56,18,40.038575,-82.961811
T-3,45,14,1.67,12,40.038601,-82.961816
T-3,46,20,1.67,12,40.038643,-82.961816
T-3,47,26,1.67,6,40.0387,-82.961806
T-3,48,32,1.67,12,40.03877,-82.961783
T-3,49,38,1.67,0,40.038853,-82.96175
T-3,50,42,1.11,0,40.038951,-82.961706
T-3,51,44,0.56,0,40.039056,-82.96166
T-3,52,44,0,0,40.039163,-82.961613
T-3,53,44,0,0,40.03927,-82.961568
T-3,54,44,0,0,40.039378,-82.961521
T-3,55,44,0,0,40.03949,-82.961476
T-3,56,46,0.56,0,40.039601,-82.961428
T-3,57,46,0,0,40.039715,-82.96138
T-3,58,48,0.56,0,40.03983,-82.961331
T-3,59,48,0,0,40.039948,-82.96128
T-3,60,48,0,0,40.040066,-82.96123
T-3,61,46,-0.56,0,40.040181,-82.96118
T-3,62,46,0,0,40.040296,-82.96113
T-3,63,46,0,0,40.040411,-82.96108
T-3,64,46,0,0,40.040526,-82.961033
T-3,65,46,0,0,40.04064,-82.960986
T-3,66,46,0,0,40.040753,-82.960938
T-3,67,46,0,0,40.040866,-82.960888
T-3,68,46,0,0,40.040976,-82.96084
T-3,69,46,0,0,40.041088,-82.960788
T-3,70,48,0.56,0,40.041203,-82.96074
T-3,71,48,0,0,40.04132,-82.96069
T-3,72,48,0,0,40.041436,-82.960641
T-3,73,46,-0.56,0,40.041553,-82.960593
T-3,74,46,0,0,40.041668,-82.960548
T-3,75,46,0,0,40.041783,-82.960501
T-3,76,46,0,0,40.041898,-82.960455
T-3,77,46,0,0,40.042013,-82.960406
T-3,78,46,0,0,40.042128,-82.96036
T-3,79,46,0,0,40.042245,-82.960315
T-3,80,44,-0.56,0,40.042356,-82.96027
T-3,81,44,0,0,40.042466,-82.960218
T-3,82,44,0,6,40.042571,-82.960155
T-3,83,46,0.56,6,40.042675,-82.960083
T-3,84,46,0,0,40.042778,-82.960006
T-3,85,46,0,6,40.042876,-82.959918
T-3,86,46,0,0,40.042976,-82.959828
T-3,87,46,0,0,40.043078,-82.959738
T-3,88,46,0,0,40.043176,-82.959646
T-3,89,46,0,0,40.043276,-82.959553
T-3,90,48,0.56,0,40.043375,-82.959461
T-3,91,48,0,0,40.043473,-82.959365
T-3,92,46,-0.56,0,40.04357,-82.959271
T-3,93,46,0,0,40.043666,-82.959176
T-3,94,46,0,0,40.043763,-82.959081
T-3,95,48,0.56,0,40.043858,-82.958986
T-3,96,48,0,0,40.043956,-82.958891
T-3,97,50,0.56,0,40.044056,-82.958795
T-3,98,50,0,0,40.044163,-82.958698
T-3,99,52,0.56,0,40.044271,-82.958601
T-3,100,50,-0.56,0,40.044381,-82.958505
T-3,101,50,0,0,40.044491,-82.958406
T-3,102,50,0,0,40.0446,-82.958308
T-3,103,50,0,0,40.044708,-82.958208
T-3,104,52,0.56,0,40.044815,-82.95811
T-3,105,52,0,0,40.044921,-82.958008
T-3,106,52,0,0,40.045031,-82.957905
T-3,107,52,0,0,40.045145,-82.957806
T-3,108,52,0,0,40.045258,-82.957706
T-3,109,52,0,0,40.04537,-82.957605
T-3,110,52,0,0,40.04548,-82.957503
T-3,111,52,0,0,40.04559,-82.9574
T-3,112,52,0,0,40.045698,-82.957296
T-3,113,52,0,0,40.045806,-82.957193
T-3,114,54,0.56,0,40.045916,-82.957088
T-3,115,54,0,0,40.046026,-82.956983
T-3,116,54,0,0,40.046141,-82.956876
T-3,117,56,0.56,0,40.046256,-82.956768
T-3,118,58,0.56,0,40.046376,-82.956655
T-3,119,58,0,0,40.046496,-82.956541
T-3,120,60,0.56,0,40.046618,-82.956423
T-3,121,60,0,0,40.046743,-82.956303
T-3,122,60,0,0,40.046868,-82.956183
T-3,123,60,0,0,40.046995,-82.956061
T-3,124,60,0,0,40.04712,-82.955941
T-3,125,60,0,0,40.047246,-82.95582
T-3,126,62,0.56,0,40.047373,-82.9557
T-3,127,62,0,0,40.047501,-82.95558
T-3,128,62,0,0,40.047631,-82.955458
T-3,129,62,0,0,40.047765,-82.955335
T-3,130,62,0,0,40.047898,-82.95521
T-3,131,62,0,0,40.04803,-82.955088
T-3,132,62,0,0,40.048161,-82.954965
T-3,133,62,0,0,40.04829,-82.954843
T-3,134,60,-0.56,0,40.048416,-82.954718
T-3,135,60,0,0,40.048543,-82.954596
T-3,136,60,0,0,40.04867,-82.954473
T-3,137,58,-0.56,0,40.048795,-82.95435
T-3,138,58,0,0,40.048918,-82.954231
T-3,139,56,-0.56,0,40.049038,-82.95412
T-3,140,54,-0.56,6,40.049156,-82.954016
T-3,141,52,-0.56,0,40.049276,-82.953931
T-3,142,52,0,12,40.049405,-82.95386
T-3,143,52,0,0,40.049533,-82.953808
T-3,144,52,0,6,40.049666,-82.95377
T-3,145,54,0.56,0,40.049803,-82.95374
T-3,146,56,0.56,6,40.049943,-82.953718
T-3,147,56,0,0,40.050088,-82.953703
T-3,148,56,0,6,40.050233,-82.953693
T-3,149,58,0.56,6,40.05038,-82.95368
T-3,150,58,0,0,40.050526,-82.953666
T-3,151,58,0,6,40.05068,-82.953656
T-3,152,58,0,0,40.050828,-82.953645
T-3,153,60,0.56,6,40.050981,-82.953635
T-3,154,60,0,0,40.05113,-82.953623
T-3,155,60,0,0,40.051283,-82.953611
T-3,156,62,0.56,0,40.051438,-82.953598
T-3,157,62,0,0,40.051591,-82.953585
T-3,158,60,-0.56,0,40.051746,-82.953571
T-3,159,60,0,0,40.0519,-82.953558
T-3,160,60,0,0,40.052056,-82.953545
T-3,161,60,0,0,40.052215,-82.953531
T-3,162,60,0,0,40.052366,-82.95352
T-3,163,60,0,0,40.05252,-82.953506
T-3,164,60,0,0,40.052671,-82.953495
T-3,165,60,0,6,40.052826,-82.953486
T-3,166,60,0,0,40.05298,-82.953476
T-3,167,60,0,0,40.053131,-82.953465
T-3,168,62,0.56,6,40.053288,-82.953451
T-3,169,62,0,0,40.053445,-82.953438
T-3,170,62,0,6,40.053605,-82.953426
T-3,171,62,0,6,40.053765,-82.953415
T-3,172,62,0,6,40.053925,-82.953406
T-3,173,62,0,6,40.054086,-82.953393
T-3,174,60,-0.56,0,40.054246,-82.953378
T-3,175,60,0,0,40.054403,-82.953365
T-3,176,60,0,0,40.054561,-82.95335
T-3,177,60,0,0,40.054716,-82.953336
T-3,178,58,-0.56,0,40.05487,-82.953323
T-3,179,58,0,0,40.055023,-82.95331
T-3,180,58,0,0,40.055173,-82.953298
T-3,181,58,0,0,40.055321,-82.953285
T-3,182,56,-0.56,0,40.05547,-82.953271
T-3,183,56,0,0,40.055616,-82.953256
T-3,184,56,0,0,40.055763,-82.953245
T-3,185,56,0,0,40.05591,-82.953231
T-3,186,56,0,6,40.056055,-82.953223
T-3,187,56,0,0,40.056203,-82.953215
T-3,188,56,0,0,40.05635,-82.953205
T-3,189,56,0,6,40.056495,-82.953195
T-3,190,56,0,0,40.056641,-82.953181
T-3,191,54,-0.56,0,40.056783,-82.95317
T-3,192,54,0,0,40.056926,-82.953158
T-3,193,54,0,0,40.057065,-82.953146
T-3,194,54,0,6,40.057206,-82.953136
T-3,195,54,0,6,40.05735,-82.953126
T-3,196,54,0,0,40.05749,-82.953115
T-3,197,54,0,0,40.05763,-82.953105
T-3,198,52,-0.56,0,40.057766,-82.953093
T-3,199,50,-0.56,0,40.057901,-82.953081
T-3,200,48,-0.56,0,40.058031,-82.953068
T-3,201,48,0,0,40.058156,-82.953053
T-3,202,48,0,0,40.058283,-82.953038
T-3,203,48,0,0,40.058411,-82.953025
T-3,204,46,-0.56,0,40.058538,-82.953011
T-3,205,40,-1.67,0,40.058656,-82.953003
T-3,206,36,-1.11,6,40.058756,-82.952996
T-3,207,30,-1.67,0,40.058846,-82.952996
T-3,208,26,-1.11,6,40.05893,-82.953
T-3,209,20,-1.67,0,40.058995,-82.953003
T-3,210,16,-1.11,0,40.059051,-82.953005
T-3,211,10,-1.67,0,40.059095,-82.953006
T-3,212,6,-1.11,0,40.059123,-82.953008
T-3,213,4,-0.56,0,40.059143,-82.95301
T-3,214,0,-1.11,0,40.059155,-82.95301
T-3,215,0,0.0,0,40.05916,-82.953011
T-3,216,0,0.0,0,40.059161,-82.953011
T-3,217,0,0.0,0,40.059163,-82.953013
T-3,218,0,0.0,0,40.059163,-82.953015
T-3,219,0,0.0,0,40.059165,-82.953016
T-3,220,0,0.0,0,40.059165,-82.953016
T-3,221,0,0.0,0,40.059168,-82.953016
T-3,222,0,0.0,0,40.05917,-82.953015
T-3,223,0,0.0,0,40.05917,-82.953016
T-3,224,0,0.0,0,40.05917,-82.953015
T-3,225,0,0.0,0,40.05917,-82.953011
T-3,226,0,0.0,0,40.059168,-82.953011
T-3,227,0,0.0,0,40.059166,-82.95301
T-3,228,0,0.0,0,40.059163,-82.953005
T-3,229,0,0.0,0,40.059161,-82.953003
T-3,230,0,0.0,0,40.059163,-82.953005
T-3,231,0,0.0,0,40.059165,-82.953005
T-3,232,0,0.0,0,40.059165,-82.953005
T-3,233,0,0.0,0,40.059165,-82.953003
T-3,234,0,0.0,0,40.059165,-82.953005
T-3,235,0,0.0,0,40.059165,-82.953005
T-3,236,0,0.0,0,40.059168,-82.953003
T-3,237,0,0.0,0,40.059171,-82.953003
T-3,238,0,0.0,0,40.059173,-82.953003
T-3,239,0,0.0,0,40.059176,-82.953006
T-3,240,0,0.0,0,40.059178,-82.953008
T-3,241,0,0.0,0,40.059176,-82.95301
T-3,242,0,0.0,0,40.059176,-82.953006
T-3,243,0,0.0,0,40.059176,-82.953008
T-3,244,0,0.0,0,40.059175,-82.953005
T-3,245,0,0.0,0,40.059176,-82.953005
T-3,246,0,0.0,0,40.059178,-82.953006
T-3,247,0,0.0,0,40.05918,-82.953008
T-3,248,0,0.0,0,40.059183,-82.95301
T-3,249,0,0.0,0,40.059183,-82.95301
T-3,250,0,0.0,0,40.059183,-82.95301
T-3,251,0,0.0,0,40.059183,-82.95301
T-3,252,0,0.0,0,40.059183,-82.953008
T-3,253,0,0.0,0,40.059183,-82.953008
T-3,254,0,0.0,0,40.059185,-82.953008
T-3,255,0,0.0,0,40.059183,-82.953008
T-3,256,0,0.0,0,40.059181,-82.953006
T-3,257,0,0.0,0,40.059181,-82.953008
T-3,258,0,0.0,0,40.059181,-82.953008
T-3,259,0,0.0,0,40.059181,-82.953008
T-3,260,0,0.0,0,40.059181,-82.953008
T-3,261,0,0.0,0,40.059181,-82.953008
T-3,262,0,0.0,0,40.059181,-82.953008
T-3,263,0,0.0,0,40.059183,-82.95301
T-3,264,0,0.0,0,40.059185,-82.95301
T-3,265,0,0.0,0,40.059185,-82.953013
T-3,266,0,0.0,0,40.059186,-82.953018
T-3,267,0,0.0,0,40.059188,-82.953025
T-3,268,0,0.0,0,40.059188,-82.953025
T-3,269,0,0.0,0,40.059188,-82.953028
T-3,270,0,0.0,0,40.059188,-82.95303
T-3,271,0,0.0,0,40.059191,-82.95303
T-3,272,0,0.0,0,40.059191,-82.953036
T-3,273,0,0.0,0,40.059191,-82.953036
T-3,274,0,0.0,0,40.059191,-82.953038
T-3,275,0,0.0,0,40.059191,-82.953038
T-3,276,0,0.0,0,40.05919,-82.953038
T-3,277,0,0.0,0,40.05919,-82.95304
T-3,278,0,0.0,0,40.05919,-82.953043
T-3,279,0,0.0,0,40.059186,-82.953043
T-3,280,0,0.0,0,40.059183,-82.953038
T-3,281,0,0.0,0,40.059181,-82.953036
T-3,282,0,0.0,0,40.059178,-82.953036
T-3,283,0,0.0,0,40.059176,-82.953036
T-3,284,0,0.0,0,40.059173,-82.953038
T-3,285,0,0.0,0,40.059171,-82.953036
T-3,286,0,0.0,0,40.059168,-82.953035
T-3,287,0,0.0,0,40.059168,-82.953033
T-3,288,0,0.0,0,40.059168,-82.95303
T-3,289,0,0.0,0,40.059166,-82.953026
T-3,290,0,0.0,0,40.059166,-82.953023
T-3,291,0,0.0,0,40.059168,-82.953021
T-3,292,0,0.0,0,40.059168,-82.95302
T-3,293,0,0.0,0,40.059168,-82.953016
T-3,294,0,0.0,0,40.059168,-82.953015
T-3,295,0,0.0,0,40.059166,-82.953013
T-3,296,0,0.0,0,40.059166,-82.953011
T-3,297,0,0.0,0,40.059168,-82.95301
T-3,298,0,0.0,0,40.05917,-82.953008
T-3,299,0,0.0,0,40.059171,-82.953008
T-3,300,0,0.0,0,40.059175,-82.953006
T-3,301,0,0.0,0,40.059178,-82.953006
T-3,302,0,0.0,0,40.05918,-82.953008
T-3,303,10,2.78,6,40.059193,-82.953008
T-3,304,18,2.22,0,40.059228,-82.953006
T-3,305,24,1.67,0,40.059278,-82.953006
T-3,306,28,1.11,0,40.05934,-82.953006
T-3,307,28,0,12,40.059413,-82.953016
T-3,308,28,0,12,40.059483,-82.953055
T-3,309,28,0,18,40.059538,-82.953116
T-3,310,26,-0.56,12,40.059576,-82.953191
T-3,311,28,0.56,12,40.0596,-82.953276
T-3,312,30,0.56,18,40.059611,-82.95337
T-3,313,34,1.11,0,40.059621,-82.953473
T-3,314,36,0.56,0,40.05963,-82.953595
T-3,315,40,1.11,6,40.059635,-82.953721
T-3,316,42,0.56,6,40.059643,-82.953858
T-3,317,44,0.56,0,40.059651,-82.954001
T-3,318,46,0.56,6,40.05966,-82.954153
T-3,319,48,0.56,0,40.059665,-82.954311
T-3,320,48,0,6,40.059673,-82.954471
T-3,321,50,0.56,0,40.059681,-82.954636
T-3,322,50,0,0,40.059691,-82.954801
T-3,323,50,0,0,40.0597,-82.95497
T-3,324,52,0.56,0,40.059708,-82.955141
T-3,325,52,0,0,40.059716,-82.955315
T-3,326,54,0.56,0,40.059726,-82.95549
T-3,327,54,0,0,40.059745,-82.955668
T-3,328,54,0,0,40.059761,-82.955846
T-3,329,54,0,0,40.059776,-82.956028
T-3,330,54,0,0,40.059791,-82.95621
T-3,331,54,0,0,40.059806,-82.956388
T-3,332,54,0,0,40.059818,-82.956571
T-3,333,56,0.56,0,40.059831,-82.956756
T-3,334,56,0,0,40.059845,-82.956943
T-3,335,56,0,0,40.059856,-82.95713
T-3,336,56,0,0,40.059868,-82.957315
T-3,337,56,0,0,40.05988,-82.957501
T-3,338,56,0,0,40.05989,-82.957686
T-3,339,56,0,0,40.059901,-82.957873
T-3,340,56,0,0,40.059908,-82.958061
T-3,341,56,0,6,40.059918,-82.95825
T-3,342,56,0,0,40.059925,-82.958438
T-3,343,56,0,0,40.059933,-82.958625
T-3,344,54,-0.56,0,40.059941,-82.958811
T-3,345,54,0,0,40.059946,-82.958998
T-3,346,54,0,0,40.059955,-82.95918
T-3,347,52,-0.56,0,40.059963,-82.95936
T-3,348,52,0,0,40.059966,-82.959538
T-3,349,50,-0.56,0,40.059973,-82.95971
T-3,350,46,-1.11,0,40.05998,-82.959875
T-3,351,44,-0.56,0,40.059988,-82.96003
T-3,352,42,-0.56,0,40.059996,-82.960175
T-3,353,40,-0.56,0,40.060005,-82.960316
T-3,354,40,0,0,40.060013,-82.960453
T-3,355,42,0.56,0,40.06002,-82.960591
T-3,356,44,0.56,0,40.060025,-82.960733
T-3,357,44,0,0,40.060031,-82.960881
T-3,358,46,0.56,0,40.060036,-82.961035
T-3,359,48,0.56,0,40.060043,-82.961191
T-3,360,48,0,0,40.060048,-82.961353
T-3,361,50,0.56,0,40.060053,-82.961516
T-3,362,50,0,0,40.060061,-82.961685
T-3,363,52,0.56,0,40.060065,-82.961855
T-3,364,52,0,0,40.060075,-82.962028
T-3,365,54,0.56,0,40.060081,-82.962208
T-3,366,54,0,0,40.06009,-82.962391
T-3,367,56,0.56,0,40.0601,-82.962578
T-3,368,54,-0.56,0,40.060108,-82.962766
T-3,369,54,0,0,40.060111,-82.962953
T-3,370,56,0.56,0,40.060118,-82.96314
T-3,371,56,0,6,40.060128,-82.963326
T-3,372,56,0,6,40.060135,-82.963515
T-3,373,56,0,0,40.060143,-82.963703
T-3,374,56,0,6,40.060153,-82.96389
T-3,375,54,-0.56,6,40.06016,-82.964076
T-3,376,54,0,6,40.060168,-82.96426
T-3,377,54,0,6,40.06018,-82.964441
T-3,378,54,0,0,40.06019,-82.964625
T-3,379,54,0,0,40.060196,-82.964806
T-3,380,54,0,0,40.060205,-82.96499
T-3,381,54,0,6,40.060213,-82.965173
T-3,382,52,-0.56,0,40.060223,-82.965351
T-3,383,50,-0.56,0,40.060233,-82.965525
T-3,384,48,-0.56,0,40.060245,-82.965691
T-3,385,46,-0.56,0,40.060256,-82.965851
T-3,386,42,-1.11,6,40.060265,-82.966006
T-3,387,38,-1.11,0,40.060273,-82.966148
T-3,388,34,-1.11,0,40.06028,-82.966275
T-3,389,30,-1.11,0,40.060288,-82.96639
T-3,390,26,-1.11,0,40.060293,-82.96649
T-3,391,22,-1.11,0,40.060296,-82.966575
T-3,392,18,-1.11,0,40.060298,-82.966651
T-3,393,16,-0.56,0,40.060301,-82.966713
T-3,394,12,-1.11,0,40.060306,-82.966766
T-3,395,10,-0.56,0,40.060311,-82.966808
T-3,396,6,-1.11,0,40.060313,-82.96684
T-3,397,4,-0.56,0,40.060316,-82.966866
T-3,398,2,-0.56,0,40.060316,-82.966885
T-3,399,2,0,0,40.060318,-82.966898
T-3,400,0,-0.56,0,40.06032,-82.966908
T-3,401,0,0.0,0,40.06032,-82.966915
T-3,402,0,0.0,0,40.06032,-82.966921
T-3,403,0,0.0,0,40.060321,-82.966925
T-3,404,0,0.0,0,40.060321,-82.96693
T-3,405,0,0.0,0,40.060323,-82.966933
T-3,406,0,0.0,0,40.06032,-82.96694
T-3,407,0,0.0,0,40.060318,-82.966943
T-3,408,0,0.0,0,40.060318,-82.966946
T-3,409,0,0.0,0,40.060318,-82.966946
T-3,410,0,0.0,0,40.060318,-82.966946
T-3,411,0,0.0,0,40.060318,-82.966948
T-3,412,0,0.0,0,40.060318,-82.966948
T-3,413,0,0.0,0,40.060318,-82.966948
T-3,414,0,0.0,0,40.060318,-82.966948
T-3,415,0,0.0,0,40.060318,-82.966948
T-3,416,0,0.0,0,40.060318,-82.966948
T-3,417,2,0.56,0,40.060318,-82.966948
T-3,418,10,2.22,0,40.06032,-82.96696
T-3,419,14,1.11,0,40.060321,-82.967
T-3,420,20,1.67,0,40.060325,-82.967055
T-3,421,24,1.11,0,40.060328,-82.967125
T-3,422,28,1.11,0,40.060333,-82.967213
T-3,423,32,1.11,6,40.060338,-82.967313
T-3,424,36,1.11,6,40.060341,-82.967425
T-3,425,40,1.11,6,40.060348,-82.967546
T-3,426,42,0.56,6,40.060353,-82.967683
T-3,427,46,1.11,0,40.060358,-82.96783
T-3,428,48,0.56,0,40.060363,-82.967988
T-3,429,50,0.56,0,40.060366,-82.96815
T-3,430,52,0.56,0,40.06037,-82.968321
T-3,431,52,0,0,40.060375,-82.968495
T-3,432,54,0.56,0,40.060381,-82.968675
T-3,433,54,0,0,40.060383,-82.968858
T-3,434,54,0,0,40.060385,-82.969045
T-3,435,54,0,0,40.06039,-82.969231
T-3,436,52,-0.56,0,40.060395,-82.969411
T-3,437,50,-0.56,0,40.060398,-82.969586
T-3,438,50,0,0,40.060403,-82.969758
T-3,439,50,0,6,40.060411,-82.969926
T-3,440,48,-0.56,6,40.060421,-82.970091
T-3,441,48,0,0,40.060423,-82.970256
T-3,442,50,0.56,0,40.060426,-82.970423
T-3,443,54,1.11,0,40.060431,-82.970598
T-3,444,58,1.11,0,40.060438,-82.970785
T-3,445,62,1.11,0,40.060445,-82.970985
T-3,446,64,0.56,0,40.060451,-82.971195
T-3,447,64,0,0,40.060456,-82.97141
T-3,448,64,0,0,40.060463,-82.971628
T-3,449,64,0,0,40.060473,-82.971845
T-3,450,64,0,0,40.060478,-82.972061
T-3,451,66,0.56,0,40.060486,-82.97228
T-3,452,66,0,0,40.060495,-82.9725
T-3,453,66,0,0,40.060503,-82.972721
T-3,454,66,0,0,40.060511,-82.972943
T-3,455,64,-0.56,0,40.06052,-82.973166
T-3,456,64,0,0,40.060528,-82.973385
T-3,457,62,-0.56,0,40.060536,-82.9736
T-3,458,62,0,0,40.060541,-82.973811
T-3,459,62,0,0,40.06055,-82.974021
T-3,460,60,-0.56,0,40.060558,-82.974226
T-3,461,60,0,0,40.060568,-82.97443
T-3,462,58,-0.56,6,40.060578,-82.974628
T-3,463,56,-0.56,0,40.060588,-82.974821
T-3,464,54,-0.56,0,40.060603,-82.975006
T-3,465,52,-0.56,0,40.060621,-82.975185
T-3,466,50,-0.56,0,40.060636,-82.97536
T-3,467,48,-0.56,0,40.060648,-82.97553
T-3,468,48,0,0,40.060656,-82.975693
T-3,469,46,-0.56,0,40.060663,-82.975853
T-3,470,44,-0.56,6,40.06067,-82.976006
T-3,471,42,-0.56,0,40.060676,-82.976156
T-3,472,40,-0.56,0,40.060683,-82.9763
T-3,473,38,-0.56,6,40.06069,-82.976436
T-3,474,36,-0.56,0,40.060698,-82.976566
T-3,475,34,-0.56,6,40.060703,-82.976688
T-3,476,28,-1.67,6,40.060708,-82.9768
T-3,477,20,-2.22,6,40.06071,-82.976888
T-3,478,16,-1.11,0,40.060713,-82.97696
T-3,479,8,-2.22,0,40.060715,-82.97701
T-3,480,2,-1.67,0,40.060715,-82.977038
T-3,481,0,-0.56,0,40.060715,-82.977048
T-3,482,0,0.0,0,40.060715,-82.977051
T-3,483,8,2.22,0,40.060715,-82.977061
T-3,484,12,1.11,6,40.060721,-82.977086
T-3,485,16,1.11,0,40.060726,-82.977126
T-3,486,18,0.56,12,40.060741,-82.977173
T-3,487,22,1.11,36,40.060786,-82.977208
T-3,488,26,1.11,12,40.06085,-82.977231
T-3,489,30,1.11,18,40.060915,-82.977241
T-3,490,34,1.11,6,40.060996,-82.97724
T-3,491,40,1.67,0,40.061088,-82.977235
T-3,492,44,1.11,6,40.061195,-82.977225
T-3,493,46,0.56,0,40.061311,-82.977215
T-3,494,50,1.11,0,40.061435,-82.977205
T-3,495,52,0.56,0,40.061563,-82.977195
T-3,496,54,0.56,0,40.0617,-82.977181
T-3,497,56,0.56,0,40.061841,-82.97717
T-3,498,58,0.56,0,40.06199,-82.977156
T-3,499,58,0,0,40.06214,-82.977141
T-3,500,60,0.56,0,40.062291,-82.977126
T-3,501,62,0.56,0,40.062448,-82.977113
T-3,502,64,0.56,0,40.062611,-82.9771
T-3,503,66,0.56,6,40.062781,-82.977088
T-3,504,68,0.56,6,40.062955,-82.977076
T-3,505,68,0,6,40.063128,-82.977065
T-3,506,70,0.56,6,40.063305,-82.977051
T-3,507,68,-0.56,0,40.063481,-82.97704
T-3,508,66,-0.56,6,40.063653,-82.97703
T-3,509,64,-0.56,0,40.063823,-82.977023
T-3,510,64,0,0,40.063993,-82.977015
T-3,511,66,0.56,6,40.064163,-82.977003
T-3,512,66,0,0,40.064338,-82.97699
T-3,513,66,0,0,40.064505,-82.976973
T-3,514,66,0,0,40.064675,-82.976958
T-3,515,66,0,0,40.064846,-82.976945
T-3,516,66,0,0,40.065018,-82.976931
T-3,517,68,0.56,0,40.065191,-82.976918
T-3,518,70,0.56,0,40.065366,-82.976905
T-3,519,68,-0.56,0,40.065546,-82.97689
T-3,520,70,0.56,0,40.065723,-82.976876
T-3,521,70,0,0,40.0659,-82.97686
T-3,522,70,0,0,40.06608,-82.976843
T-3,523,68,-0.56,0,40.066256,-82.976825
T-3,524,64,-1.11,6,40.066428,-82.976811
T-3,525,62,-0.56,0,40.066591,-82.9768
T-3,526,58,-1.11,0,40.066748,-82.976788
T-3,527,56,-0.56,6,40.066896,-82.976775
T-3,528,54,-0.56,0,40.067041,-82.976761
T-3,529,52,-0.56,0,40.067183,-82.97675
T-3,530,50,-0.56,0,40.067323,-82.976741
T-3,531,46,-1.11,6,40.06746,-82.976733
T-3,532,42,-1.11,0,40.067586,-82.976728
T-3,533,38,-1.11,6,40.067696,-82.976721
T-3,534,34,-1.11,0,40.067796,-82.976716
T-3,535,28,-1.67,6,40.067886,-82.976713
T-3,536,22,-1.67,0,40.067968,-82.97671
T-3,537,16,-1.67,0,40.06803,-82.976706
T-3,538,10,-1.67,0,40.068071,-82.976706
T-3,539,6,-1.11,0,40.068095,-82.976705
T-3,540,2,-1.11,0,40.068116,-82.976705
T-3,541,0,-0.56,0,40.068128,-82.976706
T-3,542,0,0.0,0,40.068133,-82.976706
T-3,543,6,1.67,0,40.068136,-82.976705
T-3,544,12,1.67,6,40.068155,-82.976701
T-3,545,18,1.67,0,40.068191,-82.976696
T-3,546,24,1.67,0,40.068241,-82.976691
T-3,547,28,1.11,0,40.068306,-82.976683
T-3,548,34,1.67,0,40.06838,-82.976675
T-3,549,38,1.11,0,40.068465,-82.976665
T-3,550,42,1.11,0,40.068566,-82.976655
T-3,551,48,1.67,0,40.06868,-82.976646
T-3,552,48,0,0,40.0688,-82.976636
T-3,553,50,0.56,0,40.068925,-82.976626
T-3,554,52,0.56,0,40.069056,-82.976618
T-3,555,54,0.56,6,40.069191,-82.976608
T-3,556,56,0.56,0,40.069331,-82.976598
T-3,557,56,0,6,40.069476,-82.976586
T-3,558,56,0,0,40.069621,-82.976573
T-3,559,58,0.56,0,40.06977,-82.976561
T-3,560,56,-0.56,0,40.069916,-82.976548
T-3,561,56,0,6,40.070063,-82.976538
T-3,562,56,0,6,40.070206,-82.976526
T-3,563,56,0,6,40.070353,-82.976515
T-3,564,56,0,0,40.070501,-82.976505
T-3,565,56,0,0,40.070646,-82.976495
T-3,566,56,0,6,40.070791,-82.976483
T-3,567,58,0.56,0,40.070938,-82.97647
T-3,568,58,0,0,40.071083,-82.976456
T-3,569,58,0,0,40.071235,-82.976443
T-3,570,58,0,0,40.071383,-82.97643
T-3,571,58,0,6,40.071536,-82.97642
T-3,572,58,0,0,40.071691,-82.97641
T-3,573,58,0,6,40.07184,-82.976396
T-3,574,58,0,0,40.07199,-82.976381
T-3,575,60,0.56,0,40.07214,-82.976368
T-3,576,60,0,0,40.072291,-82.976353
T-3,577,60,0,0,40.072445,-82.976341
T-3,578,60,0,0,40.072601,-82.976328
T-3,579,62,0.56,0,40.072756,-82.976315
T-3,580,60,-0.56,0,40.072916,-82.976301
T-3,581,62,0.56,0,40.073075,-82.976288
T-3,582,60,-0.56,6,40.073235,-82.976276
T-3,583,60,0,6,40.073393,-82.976265
T-3,584,60,0,0,40.073553,-82.976253
T-3,585,60,0,0,40.07371,-82.97624
T-3,586,60,0,0,40.073863,-82.976226
T-3,587,60,0,6,40.074023,-82.976218
T-3,588,58,-0.56,0,40.07418,-82.97621
T-3,589,58,0,6,40.074331,-82.976196
T-3,590,58,0,0,40.074476,-82.976185
T-3,591,58,0,0,40.074623,-82.976173
T-3,592,58,0,0,40.074775,-82.97616
T-3,593,56,-0.56,0,40.07492,-82.976148
T-3,594,54,-0.56,0,40.075065,-82.976136
T-3,595,54,0,0,40.07521,-82.976123
T-3,596,54,0,0,40.075348,-82.97611
T-3,597,52,-0.56,0,40.075485,-82.976098
T-3,598,50,-0.56,0,40.07562,-82.976086
T-3,599,50,0,0,40.07575,-82.976075
T-3,600,50,0,0,40.075878,-82.97606
T-3,601,48,-0.56,0,40.076005,-82.976048
T-3,602,46,-0.56,0,40.076128,-82.976036
T-3,603,42,-1.11,0,40.076246,-82.976026
T-3,604,38,-1.11,0,40.076355,-82.976016
T-3,605,34,-1.11,0,40.07645,-82.976006
T-3,606,26,-2.22,0,40.076535,-82.975996
T-3,607,18,-2.22,0,40.076601,-82.975988
T-3,608,12,-1.67,0,40.076648,-82.975985
T-3,609,8,-1.11,6,40.07668,-82.975981
T-3,610,4,-1.11,0,40.0767,-82.97598
T-3,611,0,-1.11,0,40.076711,-82.97598
T-3,612,0,0.0,0,40.076715,-82.975978
T-3,613,0,0.0,0,40.076716,-82.975976
T-3,614,0,0.0,0,40.076716,-82.975975
T-3,615,0,0.0,0,40.076716,-82.975973
T-3,616,0,0.0,0,40.076716,-82.975973
T-3,617,2,0.56,0,40.076716,-82.975973
T-3,618,12,2.78,6,40.076731,-82.975973
T-3,619,22,2.78,0,40.076775,-82.97597
T-3,620,30,2.22,0,40.076841,-82.975963
T-3,621,36,1.67,0,40.076925,-82.975955
T-3,622,40,1.11,0,40.07702,-82.975948
T-3,623,44,1.11,0,40.077126,-82.975938
T-3,624,48,1.11,0,40.07724,-82.975928
T-3,625,50,0.56,0,40.077365,-82.97592
T-3,626,52,0.56,0,40.077493,-82.975908
T-3,627,54,0.56,0,40.077628,-82.975898
T-3,628,56,0.56,0,40.07777,-82.975886
T-3,629,56,0,6,40.077915,-82.975876
T-3,630,58,0.56,0,40.078065,-82.975866
T-3,631,60,0.56,0,40.078218,-82.97586
T-3,632,62,0.56,0,40.078378,-82.975851
T-3,633,64,0.56,0,40.078541,-82.975841
T-3,634,66,0.56,6,40.07871,-82.97583
T-3,635,68,0.56,0,40.078883,-82.975816
T-3,636,70,0.56,0,40.079063,-82.975801
T-3,637,70,0,0,40.079243,-82.97579
T-3,638,70,0,6,40.079425,-82.975781
T-3,639,70,0,0,40.079603,-82.975768
T-3,640,70,0,0,40.079783,-82.975753
T-3,641,72,0.56,0,40.079966,-82.975741
T-3,642,72,0,0,40.080153,-82.975731
T-3,643,72,0,6,40.08034,-82.975716
T-3,644,72,0,0,40.080525,-82.975701
T-3,645,72,0,0,40.080711,-82.975688
T-3,646,70,-0.56,6,40.080896,-82.975676
T-3,647,70,0,0,40.081078,-82.975665
T-3,648,70,0,0,40.081256,-82.975651
T-3,649,68,-0.56,0,40.081435,-82.975643
T-3,650,68,0,0,40.081615,-82.975636
T-3,651,68,0,0,40.081795,-82.975633
T-3,652,68,0,0,40.081971,-82.975625
T-3,653,68,0,0,40.082145,-82.975615
T-3,654,68,0,0,40.082318,-82.975605
T-3,655,68,0,0,40.082486,-82.975595
T-3,656,68,0,6,40.08266,-82.975581
T-3,657,68,0,0,40.082833,-82.975568
T-3,658,68,0,0,40.08301,-82.975558
T-3,659,66,-0.56,0,40.083181,-82.975545
T-3,660,66,0,6,40.083355,-82.975535
T-3,661,66,0,6,40.083526,-82.975525
T-3,662,66,0,6,40.083696,-82.975511
T-3,663,66,0,6,40.083866,-82.9755
T-3,664,64,-0.56,0,40.084038,-82.975488
T-3,665,64,0,0,40.084201,-82.975475
T-3,666,64,0,0,40.084366,-82.97546
T-3,667,64,0,0,40.084533,-82.975446
T-3,668,62,-0.56,0,40.084696,-82.97543
T-3,669,60,-0.56,0,40.084856,-82.975415
T-3,670,60,0,0,40.085013,-82.975401
T-3,671,58,-0.56,0,40.085165,-82.975388
T-3,672,56,-0.56,0,40.08531,-82.975373
T-3,673,56,0,0,40.085456,-82.975361
T-3,674,54,-0.56,0,40.0856,-82.97535
T-3,675,52,-0.56,0,40.08574,-82.97534
T-3,676,52,0,6,40.08588,-82.97533
T-3,677,50,-0.56,6,40.086015,-82.97532
T-3,678,44,-1.67,6,40.086143,-82.975315
T-3,679,40,-1.11,6,40.086255,-82.975306
T-3,680,34,-1.67,0,40.086356,-82.975298
T-3,681,30,-1.11,6,40.08645,-82.975293
T-3,682,26,-1.11,6,40.086528,-82.975288
T-3,683,20,-1.67,6,40.086593,-82.975283
T-3,684,16,-1.11,6,40.086643,-82.97528
T-3,685,14,-0.56,0,40.086685,-82.975276
T-3,686,12,-0.56,0,40.086721,-82.975275
T-3,687,10,-0.56,6,40.086753,-82.975276
T-3,688,10,0,0,40.08678,-82.975273
T-3,689,8,-0.56,0,40.086805,-82.975271
T-3,690,6,-0.56,6,40.086828,-82.97527
T-3,691,4,-0.56,0,40.086846,-82.975268
T-3,692,0,-1.11,0,40.086856,-82.975268
T-3,693,0,0.0,0,40.086858,-82.975266
T-3,694,0,0.0,0,40.086858,-82.975268
T-3,695,0,0.0,0,40.08686,-82.975268
T-3,696,10,2.78,0,40.086875,-82.975266
T-3,697,18,2.22,0,40.086905,-82.975263
T-3,698,22,1.11,0,40.08696,-82.975258
T-3,699,26,1.11,6,40.087021,-82.975253
T-3,700,30,1.11,6,40.087091,-82.975246
T-3,701,34,1.11,0,40.087173,-82.975236
T-3,702,38,1.11,0,40.087265,-82.975228
T-3,703,42,1.11,6,40.087366,-82.975218
T-3,704,42,0,0,40.087475,-82.975213
T-3,705,44,0.56,0,40.087581,-82.97521
T-3,706,44,0,0,40.087695,-82.975206
T-3,707,44,0,0,40.087805,-82.975201
T-3,708,46,0.56,0,40.087923,-82.975195
T-3,709,46,0,0,40.08804,-82.97519
T-3,710,46,0,0,40.088155,-82.975191
T-3,711,48,0.56,6,40.088275,-82.975203
T-3,712,48,0,0,40.088398,-82.975226
T-3,713,48,0,6,40.088525,-82.975263
T-3,714,48,0,6,40.088646,-82.975306
T-3,715,48,0,0,40.088768,-82.975356
T-3,716,48,0,0,40.088888,-82.975401
T-3,717,48,0,6,40.08901,-82.975438
T-3,718,50,0.56,6,40.089138,-82.975456
T-3,719,50,0,6,40.089266,-82.97546
T-3,720,50,0,0,40.089395,-82.975455
T-3,721,50,0,0,40.089521,-82.975448
T-3,722,52,0.56,0,40.089653,-82.975441
T-3,723,52,0,0,40.089786,-82.975433
T-3,724,52,0,6,40.089921,-82.975423
T-3,725,54,0.56,0,40.090056,-82.975411
T-3,726,54,0,0,40.090191,-82.975398
T-3,727,54,0,0,40.090331,-82.975386
T-3,728,54,0,0,40.090471,-82.975376
T-3,729,56,0.56,6,40.090615,-82.975366
T-3,730,54,-0.56,0,40.090758,-82.975358
T-3,731,54,0,0,40.090896,-82.975345
T-3,732,54,0,0,40.09104,-82.975336
T-3,733,54,0,0,40.091183,-82.975328
T-3,734,52,-0.56,0,40.091321,-82.975318
T-3,735,52,0,0,40.09146,-82.97531
T-3,736,52,0,6,40.091595,-82.9753
T-3,737,50,-0.56,6,40.091731,-82.975291
T-3,738,50,0,0,40.091868,-82.975285
T-3,739,50,0,0,40.092003,-82.975278
T-3,740,50,0,0,40.092135,-82.975273
T-3,741,48,-0.56,0,40.092263,-82.975268
T-3,742,48,0,6,40.092388,-82.975276
T-3,743,48,0,0,40.092511,-82.97529
T-3,744,48,0,6,40.092631,-82.975321
T-3,745,46,-0.56,0,40.092753,-82.975365
T-3,746,46,0,6,40.092865,-82.97542
T-3,747,46,0,6,40.092975,-82.975486
T-3,748,46,0,6,40.093081,-82.975561
T-3,749,44,-0.56,0,40.093183,-82.975638
T-3,750,44,0,6,40.09328,-82.975721
T-3,751,44,0,6,40.093376,-82.975805
T-3,752,44,0,0,40.093478,-82.975881
T-3,753,44,0,6,40.093583,-82.975945
T-3,754,44,0,6,40.093693,-82.975995
T-3,755,44,0,6,40.093805,-82.976035
T-3,756,44,0,0,40.09392,-82.976063
T-3,757,46,0.56,6,40.09404,-82.976081
T-3,758,46,0,6,40.094158,-82.976091
T-3,759,46,0,0,40.094278,-82.976091
T-3,760,46,0,0,40.094398,-82.976085
T-3,761,46,0,0,40.09452,-82.976076
T-3,762,48,0.56,6,40.094641,-82.976068
T-3,763,48,0,0,40.094768,-82.976058
T-3,764,48,0,0,40.094893,-82.976045
T-3,765,50,0.56,6,40.09502,-82.976038
T-3,766,50,0,6,40.095148,-82.976026
T-3,767,50,0,6,40.09528,-82.97602
T-3,768,52,0.56,0,40.095413,-82.976016
T-3,769,52,0,6,40.09555,-82.976006
T-3,770,50,-0.56,6,40.095683,-82.976
T-3,771,50,0,6,40.095818,-82.975985
T-3,772,52,0.56,0,40.095951,-82.97597
T-3,773,50,-0.56,0,40.096086,-82.975956
T-3,774,52,0.56,0,40.096221,-82.975945
T-3,775,52,0,0,40.096356,-82.975935
T-3,776,52,0,0,40.096493,-82.975921
T-3,777,52,0,0,40.096631,-82.975906
T-3,778,52,0,0,40.096766,-82.975893
T-3,779,52,0,0,40.096903,-82.97588
T-3,780,52,0,6,40.09704,-82.975871
T-3,781,52,0,0,40.097173,-82.975863
T-3,782,52,0,0,40.097308,-82.97586
T-3,783,52,0,0,40.097441,-82.975851
T-3,784,52,0,0,40.097576,-82.975846
T-3,785,50,-0.56,0,40.09771,-82.97584
T-3,786,50,0,6,40.097838,-82.97583
T-3,787,50,0,0,40.097966,-82.975811
T-3,788,50,0,6,40.098093,-82.975783
T-3,789,50,0,0,40.09822,-82.975745
T-3,790,50,0,6,40.098341,-82.9757
T-3,791,50,0,6,40.098461,-82.975643
T-3,792,50,0,0,40.098581,-82.975578
T-3,793,50,0,0,40.098696,-82.97551
T-3,794,50,0,0,40.098813,-82.975445
T-3,795,50,0,0,40.098933,-82.975378
T-3,796,50,0,0,40.09905,-82.975311
T-3,797,48,-0.56,0,40.099165,-82.975243
T-3,798,50,0.56,0,40.099283,-82.975178
T-3,799,48,-0.56,0,40.0994,-82.975115
T-3,800,50,0.56,0,40.099518,-82.975055
T-3,801,50,0,6,40.099636,-82.975005
T-3,802,50,0,6,40.09976,-82.974963
T-3,803,50,0,6,40.099885,-82.974935
T-3,804,50,0,0,40.100013,-82.974913
T-3,805,50,0,0,40.100143,-82.974896
T-3,806,50,0,0,40.100275,-82.974885
T-3,807,50,0,0,40.100406,-82.974875
T-3,808,50,0,0,40.100538,-82.974865
T-3,809,50,0,6,40.100668,-82.974858
T-3,810,50,0,6,40.100798,-82.97485
T-3,811,50,0,0,40.100928,-82.97484
T-3,812,50,0,6,40.101058,-82.974833
T-3,813,50,0,0,40.101186,-82.974826
T-3,814,50,0,6,40.101315,-82.974816
T-3,815,50,0,0,40.101445,-82.974806
T-3,816,50,0,6,40.101573,-82.974798
T-3,817,52,0.56,6,40.101703,-82.974788
T-3,818,52,0,6,40.101835,-82.974778
T-3,819,52,0,0,40.101968,-82.974775
T-3,820,52,0,6,40.1021,-82.97476
T-3,821,52,0,0,40.102231,-82.974746
T-3,822,52,0,0,40.102366,-82.974735
T-3,823,52,0,6,40.102501,-82.974726
T-3,824,52,0,0,40.102635,-82.974718
T-3,825,52,0,6,40.102768,-82.974701
T-3,826,50,-0.56,0,40.1029,-82.974686
T-3,827,50,0,0,40.103031,-82.974673
T-3,828,48,-0.56,0,40.103156,-82.97466
T-3,829,46,-0.56,0,40.10328,-82.97465
T-3,830,46,0,6,40.103403,-82.974641
T-3,831,44,-0.56,0,40.10352,-82.974633
T-3,832,46,0.56,0,40.103635,-82.974625
T-3,833,46,0,0,40.103755,-82.97462
T-3,834,46,0,0,40.103878,-82.974615
T-3,835,48,0.56,0,40.104003,-82.974606
T-3,836,48,0,0,40.104126,-82.974598
T-3,837,48,0,0,40.104251,-82.974598
T-3,838,46,-0.56,0,40.104375,-82.974591
T-3,839,42,-1.11,6,40.104493,-82.974585
T-3,840,36,-1.67,6,40.104598,-82.974581
T-3,841,32,-1.11,6,40.104685,-82.974595
T-3,842,26,-1.67,6,40.104763,-82.974591
T-3,843,22,-1.11,0,40.104831,-82.974595
T-3,844,18,-1.11,0,40.104893,-82.974596
T-3,845,14,-1.11,0,40.104943,-82.97459
T-3,846,12,-0.56,0,40.104983,-82.974588
T-3,847,6,-1.67,6,40.105013,-82.97458
T-3,848,2,-1.11,0,40.105031,-82.974576
T-3,849,0,-0.56,0,40.10504,-82.974573
T-3,850,0,0.0,0,40.105045,-82.974568
T-3,851,0,0.0,0,40.10505,-82.974568
T-3,852,0,0.0,0,40.105055,-82.974568
T-3,853,0,0.0,0,40.105063,-82.97457
T-3,854,0,0.0,0,40.10507,-82.974571
T-3,855,0,0.0,0,40.105073,-82.974573
T-3,856,0,0.0,0,40.105073,-82.974571
T-3,857,0,0.0,0,40.105073,-82.97457
T-3,858,0,0.0,0,40.105073,-82.974568
T-3,859,0,0.0,0,40.105073,-82.974568
T-3,860,0,0.0,0,40.105073,-82.974568
T-3,861,0,0.0,0,40.105073,-82.974568
T-3,862,0,0.0,0,40.105073,-82.974568
T-3,863,0,0.0,0,40.105073,-82.974568
T-3,864,0,0.0,0,40.105073,-82.974568
T-3,865,0,0.0,0,40.105073,-82.974568
T-3,866,0,0.0,0,40.105073,-82.974568
T-3,867,0,0.0,0,40.105073,-82.974568
T-3,868,0,0.0,0,40.105073,-82.974568
T-3,869,0,0.0,0,40.105073,-82.974568
T-3,870,8,2.22,0,40.105083,-82.974568
T-3,871,14,1.67,0,40.105108,-82.974566
T-3,872,18,1.11,0,40.105148,-82.974563
T-3,873,20,0.56,6,40.105198,-82.974561
T-3,874,22,0.56,12,40.10525,-82.974583
T-3,875,24,0.56,24,40.105295,-82.974631
T-3,876,26,0.56,12,40.105333,-82.974701
T-3,877,28,0.56,18,40.105356,-82.974778
T-3,878,32,1.11,18,40.105368,-82.974878
T-3,879,34,0.56,6,40.105373,-82.974986
T-3,880,36,0.56,0,40.105373,-82.975105
T-3,881,38,0.56,0,40.105373,-82.975228
T-3,882,40,0.56,0,40.105373,-82.97536
T-3,883,42,0.56,0,40.105378,-82.975498
T-3,884,42,0,0,40.105381,-82.975638
T-3,885,42,0,0,40.105386,-82.975781
T-3,886,42,0,6,40.105395,-82.975925
T-3,887,42,0,0,40.105401,-82.97607
T-3,888,42,0,6,40.105403,-82.976211
T-3,889,42,0,0,40.10541,-82.976355
T-3,890,40,-0.56,0,40.105413,-82.976496
T-3,891,38,-0.56,0,40.105418,-82.976631
T-3,892,36,-0.56,0,40.105425,-82.97676
T-3,893,34,-0.56,0,40.10543,-82.976885
T-3,894,32,-0.56,0,40.105433,-82.977003
T-3,895,30,-0.56,6,40.105438,-82.977113
T-3,896,24,-1.67,0,40.105445,-82.97721
T-3,897,20,-1.11,6,40.10545,-82.977291
T-3,898,16,-1.11,0,40.105453,-82.977355
T-3,899,12,-1.11,6,40.105463,-82.977403
T-3,900,10,-0.56,18,40.10548,-82.977438
T-3,901,10,0,12,40.105496,-82.977455
T-3,902,8,-0.56,36,40.10552,-82.977463
T-3,903,10,0.56,6,40.105545,-82.977468
T-3,904,10,0,6,40.105571,-82.97747
T-3,905,12,0.56,6,40.105596,-82.977468
T-3,906,12,0,0,40.105628,-82.977466
T-3,907,12,0,0,40.105658,-82.977465
T-3,908,12,0,6,40.105693,-82.97746
T-3,909,12,0,6,40.105728,-82.977448
T-3,910,14,0.56,12,40.10576,-82.977426
T-3,911,14,0,6,40.10579,-82.9774
T-3,912,14,0,12,40.105811,-82.977365
T-3,913,14,0,12,40.105833,-82.977325
T-3,914,14,0,0,40.105855,-82.977285
T-3,915,14,0,6,40.105873,-82.977241
T-3,916,12,-0.56,0,40.105888,-82.977201
T-3,917,12,0,6,40.105896,-82.977163
T-3,918,10,-0.56,18,40.105898,-82.977123
T-3,919,12,0.56,6,40.105898,-82.977086
T-3,920,10,-0.56,6,40.105901,-82.977046
T-3,921,10,0,0,40.105903,-82.97701
T-3,922,10,0,6,40.105911,-82.976978
T-3,923,10,0,0,40.105918,-82.976943
T-3,924,10,0,0,40.105918,-82.976911
T-3,925,10,0,6,40.105931,-82.976876
T-3,926,10,0,6,40.105945,-82.976843
T-3,927,8,-0.56,0,40.105958,-82.976815
T-3,928,6,-0.56,6,40.10597,-82.976788
T-3,929,4,-0.56,0,40.10598,-82.976766
T-3,930,2,-0.56,0,40.105988,-82.976755
T-3,931,0,-0.56,0,40.10599,-82.976745
T-3,932,0,0.0,0,40.105996,-82.97674
T-3,933,0,0.0,0,40.106001,-82.976736
T-3,934,0,0.0,0,40.106001,-82.976736
T-3,935,0,0.0,0,40.106001,-82.976736
T-3,936,0,0.0,0,40.106003,-82.976738
T-3,937,0,0.0,0,40.106003,-82.976738
T-3,938,0,0.0,0,40.106,-82.976736
T-3,939,0,0.0,0,40.106,-82.976736
T-3,940,0,0.0,0,40.106,-82.976736
T-3,941,0,0.0,0,40.106,-82.976736
T-3,942,0,0.0,0,40.106,-82.976736
T-3,943,0,0.0,0,40.106,-82.976736
T-3,944,0,0.0,0,40.106,-82.976736
T-14,1,26,-0.28,0,40.019496,-83.025915
T-14,2,25,-0.28,0,40.01943,-83.025921
T-14,3,24,-0.28,6,40.019366,-83.025925
T-14,4,26,0.56,0,40.019306,-83.025926
T-14,5,26,0,0,40.019245,-83.025931
T-14,6,24,-0.56,6,40.019175,-83.025936
T-14,7,20,-1.11,0,40.01911,-83.025943
T-14,8,18,-0.56,0,40.019055,-83.025948
T-14,9,21,0.83,0,40.019006,-83.025951
T-14,10,26,1.39,0,40.018956,-83.025955
T-14,11,28,0.56,6,40.018896,-83.025956
T-14,12,29,0.28,0,40.018828,-83.02596
T-14,13,30,0.28,6,40.018756,-83.025965
T-14,14,32,0.56,0,40.01868,-83.025971
T-14,15,31,-0.28,0,40.018603,-83.025978
T-14,16,30,-0.28,6,40.018523,-83.025983
T-14,17,27,-0.83,0,40.018443,-83.025985
T-14,18,24,-0.83,0,40.01837,-83.02599
T-14,19,17,-1.94,6,40.018301,-83.025996
T-14,20,15,-0.56,6,40.01825,-83.026008
T-14,21,18,0.83,18,40.018211,-83.026033
T-14,22,23,1.39,24,40.018183,-83.026083
T-14,23,29,1.67,24,40.01817,-83.026153
T-14,24,35,1.67,18,40.018166,-83.026241
T-14,25,42,1.94,6,40.018183,-83.02634
T-14,26,48,1.67,0,40.018201,-83.02646
T-14,27,52,1.11,6,40.018218,-83.026603
T-14,28,55,0.83,0,40.018231,-83.026766
T-14,29,58,0.83,0,40.018243,-83.026941
T-14,30,60,0.56,0,40.018253,-83.027126
T-14,31,62,0.56,0,40.018261,-83.027323
T-14,32,64,0.56,0,40.01827,-83.027525
T-14,33,64,0,0,40.018278,-83.02773
T-14,34,66,0.56,0,40.018288,-83.02794
T-14,35,67,0.28,0,40.0183,-83.028151
T-14,36,66,-0.28,0,40.018308,-83.028368
T-14,37,65,-0.28,6,40.018316,-83.028586
T-14,38,65,0,6,40.018326,-83.028801
T-14,39,64,-0.28,0,40.018336,-83.029013
T-14,40,63,-0.28,0,40.018346,-83.029225
T-14,41,63,0,0,40.018356,-83.029431
T-14,42,64,0.28,0,40.018373,-83.029638
T-14,43,66,0.56,0,40.018391,-83.029845
T-14,44,65,-0.28,0,40.018406,-83.030056
T-14,45,63,-0.56,0,40.01842,-83.03027
T-14,46,64,0.28,0,40.01843,-83.030478
T-14,47,64,0,0,40.01844,-83.030686
T-14,48,64,0,0,40.018448,-83.030896
T-14,49,63,-0.28,0,40.018456,-83.031106
T-14,50,62,-0.28,0,40.018468,-83.031315
T-14,51,60,-0.56,0,40.01848,-83.031518
T-14,52,58,-0.56,0,40.018493,-83.031718
T-14,53,55,-0.83,0,40.018508,-83.031911
T-14,54,50,-1.39,0,40.018523,-83.0321
T-14,55,43,-1.94,0,40.018538,-83.032271
T-14,56,38,-1.39,0,40.01855,-83.032425
T-14,57,32,-1.67,0,40.01856,-83.032558
T-14,58,23,-2.5,0,40.018568,-83.032673
T-14,59,16,-1.94,0,40.018575,-83.032765
T-14,60,12,-1.11,0,40.018578,-83.032828
T-14,61,8,-1.11,0,40.01858,-83.032876
T-14,62,4,-1.11,0,40.018581,-83.03291
T-14,63,2,-0.56,0,40.018581,-83.03293
T-14,64,0,-0.56,0,40.018583,-83.03294
T-14,65,0,0.0,0,40.018583,-83.032946
T-14,66,0,0.0,0,40.018583,-83.032948
T-14,67,0,0.0,0,40.018583,-83.032948
T-14,68,0,0.0,0,40.018585,-83.032948
T-14,69,0,0.0,0,40.018585,-83.032948
T-14,70,0,0.0,0,40.018585,-83.032948
T-14,71,0,0.0,0,40.018585,-83.032948
T-14,72,0,0.0,0,40.018585,-83.032948
T-14,73,0,0.0,0,40.018585,-83.032948
T-14,74,8,2.22,0,40.018585,-83.032948
T-14,75,19,3.06,0,40.018586,-83.032958
T-14,76,27,2.22,0,40.018591,-83.033
T-14,77,29,0.56,0,40.018596,-83.033076
T-14,78,29,0,0,40.0186,-83.03317
T-14,79,30,0.28,0,40.018603,-83.033265
T-14,80,32,0.56,0,40.018606,-83.033363
T-14,81,34,0.56,0,40.018611,-83.033466
T-14,82,34,0,0,40.018616,-83.033575
T-14,83,36,0.56,0,40.018623,-83.033685
T-14,84,37,0.28,0,40.018628,-83.0338
T-14,85,40,0.83,0,40.018635,-83.03392
T-14,86,42,0.56,6,40.018638,-83.034045
T-14,87,44,0.56,6,40.018645,-83.034173
T-14,88,48,1.11,6,40.018645,-83.034313
T-14,89,51,0.83,6,40.018655,-83.034468
T-14,90,55,1.11,6,40.018661,-83.034633
T-14,91,57,0.56,0,40.01867,-83.03481
T-14,92,59,0.56,0,40.018676,-83.034991
T-14,93,61,0.56,0,40.018678,-83.035183
T-14,94,62,0.28,0,40.018685,-83.035378
T-14,95,64,0.56,0,40.018686,-83.03558
T-14,96,65,0.28,0,40.018688,-83.035788
T-14,97,66,0.28,0,40.018693,-83.036
T-14,98,67,0.28,0,40.018698,-83.036213
T-14,99,67,0,0,40.018701,-83.036431
T-14,100,66,-0.28,6,40.018711,-83.036653
T-14,101,63,-0.83,0,40.018723,-83.03687
T-14,102,60,-0.83,0,40.018735,-83.03708
T-14,103,54,-1.67,0,40.018746,-83.03728
T-14,104,48,-1.67,0,40.018756,-83.037468
T-14,105,39,-2.5,0,40.018766,-83.037636
T-14,106,31,-2.22,0,40.018776,-83.037778
T-14,107,19,-3.33,0,40.018781,-83.037898
T-14,108,11,-2.22,0,40.018786,-83.037985
T-14,109,7,-1.11,0,40.01879,-83.038038
T-14,110,6,-0.28,0,40.01879,-83.038068
T-14,111,4,-0.56,0,40.018791,-83.03809
T-14,112,0,-1.11,0,40.018793,-83.038106
T-14,113,0,0.0,0,40.018795,-83.038116
T-14,114,0,0.0,0,40.018795,-83.038116
T-14,115,0,0.0,0,40.018795,-83.038116
T-14,116,0,0.0,0,40.018796,-83.038115
T-14,117,0,0.0,0,40.018796,-83.038115
T-14,118,0,0.0,0,40.018796,-83.038115
T-14,119,0,0.0,0,40.018796,-83.038115
T-14,120,0,0.0,0,40.018796,-83.038115
T-14,121,0,0.0,0,40.018796,-83.038115
T-14,122,0,0.0,0,40.018796,-83.038115
T-14,123,0,0.0,0,40.018796,-83.038115
T-14,124,0,0.0,0,40.018796,-83.038115
T-14,125,0,0.0,0,40.018796,-83.038115
T-14,126,0,0.0,0,40.018796,-83.038115
T-14,127,0,0.0,0,40.018796,-83.038115
T-14,128,0,0.0,0,40.018796,-83.038115
T-14,129,0,0.0,0,40.018796,-83.038115
T-14,130,0,0.0,0,40.018796,-83.038115
T-14,131,0,0.0,0,40.018796,-83.038115
T-14,132,0,0.0,0,40.018796,-83.038115
T-14,133,0,0.0,0,40.018796,-83.038115
T-14,134,0,0.0,0,40.018796,-83.038115
T-14,135,0,0.0,0,40.018796,-83.038115
T-14,136,0,0.0,0,40.018796,-83.038115
T-14,137,0,0.0,0,40.018796,-83.038115
T-14,138,0,0.0,0,40.018796,-83.038115
T-14,139,0,0.0,0,40.018796,-83.038115
T-14,140,0,0.0,0,40.018796,-83.038115
T-14,141,0,0.0,0,40.018796,-83.038115
T-14,142,0,0.0,0,40.018796,-83.038115
T-14,143,0,0.0,0,40.018796,-83.038115
T-14,144,0,0.0,0,40.018796,-83.038115
T-14,145,0,0.0,0,40.018796,-83.038115
T-14,146,0,0.0,0,40.018796,-83.038115
T-14,147,0,0.0,0,40.018796,-83.038115
T-14,148,0,0.0,0,40.018796,-83.038115
T-14,149,0,0.0,0,40.018796,-83.038115
T-14,150,0,0.0,0,40.018796,-83.038115
T-14,151,0,0.0,0,40.018793,-83.038121
T-14,152,9,2.5,0,40.018793,-83.038125
T-14,153,20,3.06,0,40.018793,-83.03814
T-14,154,26,1.67,0,40.018798,-83.038186
T-14,155,27,0.28,0,40.018801,-83.038263
T-14,156,23,-1.11,0,40.018811,-83.03835
T-14,157,22,-0.28,12,40.018831,-83.038433
T-14,158,26,1.11,12,40.01886,-83.038503
T-14,159,33,1.94,12,40.018898,-83.038566
T-14,160,39,1.67,12,40.018955,-83.038631
T-14,161,38,-0.28,0,40.01903,-83.038703
T-14,162,29,-2.5,0,40.019111,-83.038781
T-14,163,22,-1.94,0,40.01918,-83.038846
T-14,164,22,0,0,40.019231,-83.038896
T-14,165,23,0.28,0,40.019276,-83.03894
T-14,166,28,1.39,0,40.019321,-83.038985
T-14,167,35,1.94,0,40.019375,-83.039035
T-14,168,41,1.67,0,40.01944,-83.039095
T-14,169,47,1.67,0,40.019516,-83.03917
T-14,170,50,0.83,0,40.019606,-83.039253
T-14,171,52,0.56,0,40.019706,-83.039348
T-14,172,52,0,0,40.019813,-83.039446
T-14,173,53,0.28,0,40.01992,-83.039546
T-14,174,58,1.39,0,40.020028,-83.039646
T-14,175,64,1.67,0,40.020141,-83.03975
T-14,176,70,1.67,0,40.020263,-83.039868
T-14,177,74,1.11,0,40.020396,-83.039996
T-14,178,76,0.56,0,40.020543,-83.040135
T-14,179,77,0.28,0,40.020696,-83.040276
T-14,180,76,-0.28,0,40.020853,-83.040425
T-14,181,74,-0.56,0,40.021006,-83.040573
T-14,182,72,-0.56,0,40.021158,-83.040723
T-14,183,71,-0.28,0,40.021308,-83.040866
T-14,184,69,-0.56,0,40.021455,-83.041005
T-14,185,65,-1.11,0,40.0216,-83.041136
T-14,186,63,-0.56,0,40.02174,-83.04126
T-14,187,60,-0.83,0,40.021873,-83.04138
T-14,188,56,-1.11,0,40.022001,-83.041495
T-14,189,54,-0.56,0,40.02212,-83.041606
T-14,190,53,-0.28,0,40.022231,-83.041715
T-14,191,50,-0.83,0,40.02234,-83.04182
T-14,192,42,-2.22,0,40.022445,-83.04192
T-14,193,34,-2.22,0,40.02254,-83.04201
T-14,194,31,-0.83,0,40.022618,-83.042081
T-14,195,30,-0.28,0,40.022688,-83.04214
T-14,196,30,0,0,40.022753,-83.042201
T-14,197,28,-0.56,0,40.022816,-83.04226
T-14,198,25,-0.83,0,40.022878,-83.042316
T-14,199,23,-0.56,0,40.022933,-83.042366
T-14,200,22,-0.28,0,40.022983,-83.042413
T-14,201,25,0.83,0,40.02303,-83.042456
T-14,202,31,1.67,0,40.02308,-83.042503
T-14,203,30,-0.28,0,40.023138,-83.042556
T-14,204,31,0.28,0,40.023203,-83.042611
T-14,205,34,0.83,0,40.023268,-83.042666
T-14,206,38,1.11,6,40.02333,-83.04273
T-14,207,40,0.56,12,40.023385,-83.042818
T-14,208,42,0.56,12,40.023426,-83.042935
T-14,209,45,0.83,12,40.02345,-83.043068
T-14,210,47,0.56,6,40.023463,-83.043208
T-14,211,50,0.83,6,40.023471,-83.043356
T-14,212,53,0.83,0,40.023478,-83.043518
T-14,213,57,1.11,0,40.023483,-83.043686
T-14,214,60,0.83,0,40.023486,-83.043865
T-14,215,63,0.83,0,40.023491,-83.044056
T-14,216,66,0.83,0,40.023498,-83.044256
T-14,217,68,0.56,6,40.023506,-83.044466
T-14,218,69,0.28,0,40.023518,-83.044685
T-14,219,70,0.28,0,40.02353,-83.044908
T-14,220,70,0,0,40.023543,-83.045135
T-14,221,70,0,0,40.023556,-83.045363
T-14,222,71,0.28,0,40.023573,-83.045591
T-14,223,71,0,0,40.023595,-83.045821
T-14,224,70,-0.28,6,40.023623,-83.046051
T-14,225,71,0.28,0,40.023658,-83.04628
T-14,226,71,0,0,40.023696,-83.046505
T-14,227,71,0,0,40.023738,-83.04673
T-14,228,71,0,0,40.023781,-83.046955
T-14,229,71,0,0,40.023823,-83.047181
T-14,230,70,-0.28,0,40.023861,-83.04741
T-14,231,69,-0.28,0,40.023898,-83.047636
T-14,232,69,0,0,40.02393,-83.047861
T-14,233,68,-0.28,6,40.023958,-83.048085
T-14,234,68,0,0,40.023981,-83.048306
T-14,235,68,0,0,40.024001,-83.04853
T-14,236,69,0.28,0,40.024018,-83.048751
T-14,237,68,-0.28,0,40.024033,-83.048978
T-14,238,67,-0.28,0,40.024045,-83.049203
T-14,239,66,-0.28,0,40.024053,-83.049425
T-14,240,66,0,0,40.024061,-83.049643
T-14,241,67,0.28,0,40.024071,-83.04986
T-14,242,67,0,0,40.02408,-83.050076
T-14,243,67,0,6,40.024088,-83.050296
T-14,244,68,0.28,0,40.024096,-83.050518
T-14,245,67,-0.28,0,40.024103,-83.05074
T-14,246,66,-0.28,0,40.024111,-83.05096
T-14,247,66,0,0,40.024118,-83.051178
T-14,248,65,-0.28,0,40.024125,-83.051393
T-14,249,64,-0.28,6,40.024133,-83.051606
T-14,250,65,0.28,6,40.024141,-83.05182
T-14,251,65,0,6,40.02415,-83.052031
T-14,252,65,0,0,40.024158,-83.052243
T-14,253,64,-0.28,6,40.024165,-83.052455
T-14,254,64,0,0,40.024173,-83.052666
T-14,255,64,0,0,40.02418,-83.052876
T-14,256,64,0,0,40.024188,-83.053086
T-14,257,62,-0.56,0,40.024196,-83.053295
T-14,258,63,0.28,0,40.024203,-83.053503
T-14,259,63,0,6,40.024213,-83.053708
T-14,260,63,0,6,40.024221,-83.053915
T-14,261,62,-0.28,0,40.02423,-83.054123
T-14,262,60,-0.56,0,40.024236,-83.054328
T-14,263,59,-0.28,6,40.024245,-83.054528
T-14,264,58,-0.28,6,40.024251,-83.054725
T-14,265,59,0.28,0,40.024258,-83.054916
T-14,266,59,0,6,40.024265,-83.055108
T-14,267,59,0,0,40.024275,-83.055303
T-14,268,60,0.28,0,40.024288,-83.055498
T-14,269,58,-0.56,6,40.024316,-83.055691
T-14,270,55,-0.83,6,40.02436,-83.05588
T-14,271,52,-0.83,6,40.024415,-83.056053
T-14,272,49,-0.83,6,40.024478,-83.056211
T-14,273,44,-1.39,6,40.02455,-83.056355
T-14,274,40,-1.11,6,40.02462,-83.05648
T-14,275,32,-2.22,0,40.02469,-83.056588
T-14,276,26,-1.67,0,40.02475,-83.056676
T-14,277,20,-1.67,0,40.024801,-83.05675
T-14,278,17,-0.83,0,40.02484,-83.05681
T-14,279,13,-1.11,0,40.024871,-83.056858
T-14,280,8,-1.39,0,40.024896,-83.056896
T-14,281,2,-1.67,0,40.024913,-83.056925
T-14,282,0,-0.56,0,40.024921,-83.056938
T-14,283,0,0.0,0,40.024925,-83.056941
T-14,284,0,0.0,0,40.024925,-83.056941
T-14,285,0,0.0,0,40.024925,-83.056941
T-14,286,0,0.0,0,40.024925,-83.056941
T-14,287,0,0.0,0,40.024925,-83.056941
T-14,288,0,0.0,0,40.024925,-83.056941
T-14,289,0,0.0,0,40.024925,-83.056941
T-14,290,0,0.0,0,40.024925,-83.056941
T-14,291,0,0.0,0,40.024925,-83.056941
T-14,292,0,0.0,0,40.024925,-83.056941
T-14,293,0,0.0,0,40.024925,-83.056941
T-14,294,0,0.0,0,40.024925,-83.056941
T-14,295,0,0.0,0,40.024925,-83.056941
T-14,296,0,0.0,0,40.024925,-83.056941
T-14,297,0,0.0,0,40.024925,-83.056941
T-14,298,0,0.0,0,40.024925,-83.056941
T-14,299,0,0.0,0,40.024925,-83.056941
T-14,300,0,0.0,0,40.024925,-83.056941
T-14,301,0,0.0,0,40.024925,-83.056941
T-14,302,0,0.0,0,40.024925,-83.056941
T-14,303,0,0.0,0,40.024925,-83.056941
T-14,304,0,0.0,0,40.024925,-83.056941
T-14,305,0,0.0,0,40.024925,-83.056941
T-14,306,0,0.0,0,40.024925,-83.056941
T-14,307,0,0.0,0,40.024925,-83.056941
T-14,308,0,0.0,0,40.024925,-83.056941
T-14,309,0,0.0,0,40.024925,-83.056941
T-14,310,0,0.0,0,40.024925,-83.056941
T-14,311,0,0.0,0,40.024925,-83.056941
T-14,312,0,0.0,0,40.024925,-83.056941
T-14,313,0,0.0,0,40.024925,-83.056941
T-14,314,0,0.0,0,40.024925,-83.056941
T-14,315,6,1.67,0,40.024925,-83.056941
T-14,316,15,2.5,0,40.024925,-83.056941
T-14,317,21,1.67,6,40.024938,-83.05696
T-14,318,25,1.11,6,40.02497,-83.05701
T-14,319,29,1.11,0,40.025008,-83.05707
T-14,320,35,1.67,0,40.025053,-83.05714
T-14,321,38,0.83,0,40.025106,-83.057221
T-14,322,40,0.56,0,40.025168,-83.057315
T-14,323,44,1.11,0,40.025233,-83.057413
T-14,324,47,0.83,0,40.025303,-83.05752
T-14,325,50,0.83,0,40.025378,-83.057635
T-14,326,50,0,0,40.025458,-83.057758
T-14,327,50,0,0,40.025538,-83.057886
T-14,328,49,-0.28,0,40.02562,-83.058013
T-14,329,49,0,0,40.0257,-83.058138
T-14,330,52,0.83,0,40.025776,-83.058263
T-14,331,57,1.39,0,40.025861,-83.058388
T-14,332,59,0.56,0,40.025956,-83.058518
T-14,333,61,0.56,0,40.026055,-83.058658
T-14,334,59,-0.56,0,40.026156,-83.058806
T-14,335,59,0,0,40.026255,-83.058955
T-14,336,60,0.28,0,40.026355,-83.059105
T-14,337,58,-0.56,0,40.026451,-83.059255
T-14,338,58,0,0,40.026548,-83.059403
T-14,339,59,0.28,0,40.026643,-83.05955
T-14,340,59,0,0,40.02674,-83.059698
T-14,341,60,0.28,0,40.026835,-83.059846
T-14,342,59,-0.28,0,40.026931,-83.059995
T-14,343,58,-0.28,0,40.027028,-83.060145
T-14,344,57,-0.28,0,40.027125,-83.060295
T-14,345,57,0,0,40.02722,-83.06044
T-14,346,57,0,0,40.027315,-83.060581
T-14,347,55,-0.56,0,40.027415,-83.060716
T-14,348,54,-0.28,6,40.02752,-83.060836
T-14,349,56,0.56,6,40.02763,-83.060945
T-14,350,59,0.83,0,40.027745,-83.061048
T-14,351,61,0.56,6,40.027866,-83.061148
T-14,352,61,0,0,40.027993,-83.061255
T-14,353,60,-0.28,0,40.028125,-83.061358
T-14,354,59,-0.28,0,40.028255,-83.061466
T-14,355,58,-0.28,6,40.02838,-83.06158
T-14,356,55,-0.83,0,40.0285,-83.061688
T-14,357,48,-1.94,0,40.028611,-83.061803
T-14,358,43,-1.39,6,40.028706,-83.061916
T-14,359,43,0,6,40.028785,-83.06202
T-14,360,43,0,6,40.028853,-83.062128
T-14,361,41,-0.56,6,40.028911,-83.062241
T-14,362,39,-0.56,0,40.028961,-83.062358
T-14,363,39,0,6,40.029003,-83.062478
T-14,364,43,1.11,6,40.029041,-83.062596
T-14,365,46,0.83,0,40.029075,-83.062716
T-14,366,49,0.83,6,40.029105,-83.062855
T-14,367,54,1.39,6,40.029123,-83.06301
T-14,368,59,1.39,0,40.029136,-83.063178
T-14,369,61,0.56,6,40.029145,-83.063366
T-14,370,61,0,0,40.029146,-83.063561
T-14,371,61,0,0,40.029153,-83.063765
T-14,372,59,-0.56,0,40.029158,-83.063965
T-14,373,57,-0.56,0,40.029165,-83.064161
T-14,374,53,-1.11,0,40.02917,-83.064353
T-14,375,47,-1.67,0,40.029176,-83.064536
T-14,376,40,-1.94,0,40.029181,-83.064701
T-14,377,33,-1.94,0,40.029185,-83.064846
T-14,378,26,-1.94,0,40.02919,-83.064968
T-14,379,16,-2.78,0,40.029191,-83.065068
T-14,380,10,-1.67,0,40.029193,-83.065138
T-14,381,3,-1.94,0,40.029193,-83.065185
T-14,382,0,-0.83,0,40.029195,-83.065208
T-14,383,0,0.0,0,40.029195,-83.065215
T-14,384,0,0.0,0,40.029195,-83.065215
T-14,385,0,0.0,0,40.029195,-83.065215
T-14,386,0,0.0,0,40.029193,-83.065215
T-14,387,0,0.0,0,40.029193,-83.065215
T-14,388,0,0.0,0,40.029193,-83.065215
T-14,389,0,0.0,0,40.029193,-83.065215
T-14,390,0,0.0,0,40.029193,-83.065215
T-14,391,0,0.0,0,40.029193,-83.065215
T-14,392,0,0.0,0,40.029193,-83.065215
T-14,393,0,0.0,0,40.029193,-83.065215
T-14,394,0,0.0,0,40.029193,-83.065215
T-14,395,0,0.0,0,40.029193,-83.065215
T-14,396,0,0.0,0,40.029193,-83.065215
T-14,397,0,0.0,0,40.029193,-83.065215
T-14,398,0,0.0,0,40.029193,-83.065215
T-14,399,0,0.0,0,40.029193,-83.065215
T-14,400,0,0.0,0,40.029193,-83.065215
T-14,401,2,0.56,0,40.029193,-83.065215
T-14,402,10,2.22,0,40.029193,-83.065215
T-14,403,23,3.61,0,40.029193,-83.065215
T-14,404,32,2.5,0,40.029186,-83.065248
T-14,405,41,2.5,0,40.029186,-83.065343
T-14,406,47,1.67,0,40.029186,-83.06547
T-14,407,52,1.39,0,40.029188,-83.065615
T-14,408,55,0.83,0,40.02919,-83.06578
T-14,409,57,0.56,0,40.029193,-83.065956
T-14,410,59,0.56,0,40.0292,-83.066145
T-14,411,61,0.56,0,40.029205,-83.066338
T-14,412,63,0.56,0,40.029213,-83.06654
T-14,413,64,0.28,0,40.029223,-83.066745
T-14,414,65,0.28,0,40.029231,-83.066955
T-14,415,65,0,0,40.02924,-83.067166
T-14,416,66,0.28,0,40.029246,-83.067381
T-14,417,67,0.28,0,40.029256,-83.067601
T-14,418,67,0,0,40.029265,-83.06782
T-14,419,67,0,6,40.029275,-83.068041
T-14,420,66,-0.28,6,40.029285,-83.068263
T-14,421,67,0.28,0,40.029293,-83.068483
T-14,422,65,-0.56,0,40.0293,-83.068701
T-14,423,65,0,0,40.029308,-83.068918
T-14,424,64,-0.28,6,40.029318,-83.069135
T-14,425,63,-0.28,6,40.029326,-83.069348
T-14,426,62,-0.28,0,40.029335,-83.069556
T-14,427,60,-0.56,0,40.029343,-83.069761
T-14,428,59,-0.28,0,40.02935,-83.069961
T-14,429,58,-0.28,0,40.029358,-83.070158
T-14,430,56,-0.56,0,40.029366,-83.070351
T-14,431,55,-0.28,0,40.029373,-83.07054
T-14,432,54,-0.28,0,40.02938,-83.070725
T-14,433,53,-0.28,0,40.029385,-83.070905
T-14,434,48,-1.39,0,40.029391,-83.07108
T-14,435,41,-1.94,0,40.029391,-83.071246
T-14,436,35,-1.67,0,40.029396,-83.071395
T-14,437,31,-1.11,0,40.029401,-83.071521
T-14,438,30,-0.28,0,40.029406,-83.071631
T-14,439,29,-0.28,0,40.02941,-83.071733
T-14,440,34,1.39,0,40.029413,-83.071831
T-14,441,37,0.83,0,40.029418,-83.071936
T-14,442,40,0.83,6,40.029421,-83.072053
T-14,443,43,0.83,0,40.029428,-83.072181
T-14,444,46,0.83,0,40.029435,-83.072316
T-14,445,50,1.11,6,40.02944,-83.072463
T-14,446,51,0.28,0,40.029446,-83.072621
T-14,447,53,0.56,0,40.029451,-83.072786
T-14,448,55,0.56,6,40.029458,-83.072956
T-14,449,56,0.28,6,40.029466,-83.073133
T-14,450,56,0,0,40.029473,-83.073316
T-14,451,55,-0.28,0,40.029478,-83.073501
T-14,452,53,-0.56,0,40.029485,-83.073685
T-14,453,53,0,0,40.029493,-83.073863
T-14,454,52,-0.28,0,40.0295,-83.074036
T-14,455,51,-0.28,6,40.029506,-83.07421
T-14,456,51,0,0,40.029513,-83.074378
T-14,457,51,0,0,40.02952,-83.074546
T-14,458,52,0.28,6,40.029526,-83.074713
T-14,459,53,0.28,6,40.029535,-83.074883
T-14,460,54,0.28,0,40.029541,-83.075055
T-14,461,54,0,6,40.029548,-83.07523
T-14,462,59,1.39,0,40.029553,-83.075405
T-14,463,63,1.11,0,40.029555,-83.075588
T-14,464,66,0.83,0,40.029551,-83.07579
T-14,465,68,0.56,0,40.029551,-83.076003
T-14,466,70,0.56,0,40.029556,-83.076226
T-14,467,73,0.83,0,40.029565,-83.076453
T-14,468,74,0.28,6,40.029573,-83.076688
T-14,469,76,0.56,6,40.029585,-83.07693
T-14,470,77,0.28,0,40.029593,-83.077175
T-14,471,78,0.28,0,40.029603,-83.077423
T-14,472,78,0,0,40.029611,-83.077678
T-14,473,78,0,6,40.029621,-83.077933
T-14,474,79,0.28,0,40.029633,-83.078188
T-14,475,80,0.28,6,40.02964,-83.078443
T-14,476,80,0,6,40.029651,-83.078705
T-14,477,80,0,0,40.029661,-83.078966
T-14,478,80,0,0,40.029673,-83.079228
T-14,479,80,0,0,40.029685,-83.07949
T-14,480,78,-0.56,6,40.029693,-83.079751
T-14,481,76,-0.56,0,40.029701,-83.08001
T-14,482,75,-0.28,0,40.02971,-83.080263
T-14,483,75,0,6,40.029721,-83.080511
T-14,484,76,0.28,0,40.029738,-83.080758
T-14,485,76,0,0,40.029756,-83.081006
T-14,486,77,0.28,0,40.029775,-83.081256
T-14,487,78,0.28,0,40.02979,-83.081506
T-14,488,78,0,0,40.029803,-83.08176
T-14,489,79,0.28,6,40.029813,-83.082013
T-14,490,80,0.28,0,40.029821,-83.082268
T-14,491,79,-0.28,0,40.029831,-83.082528
T-14,492,80,0.28,0,40.029843,-83.082788
T-14,493,82,0.56,0,40.029853,-83.083048
T-14,494,82,0,0,40.029863,-83.083313
T-14,495,82,0,0,40.029876,-83.083583
T-14,496,79,-0.83,0,40.029893,-83.083851
T-14,497,77,-0.56,6,40.029905,-83.084115
T-14,498,77,0,0,40.029915,-83.08437
T-14,499,76,-0.28,6,40.029925,-83.084623
T-14,500,76,0,6,40.029935,-83.084875
T-14,501,75,-0.28,6,40.029946,-83.085125
T-14,502,74,-0.28,6,40.029956,-83.085375
T-14,503,73,-0.28,0,40.029968,-83.08562
T-14,504,70,-0.83,6,40.02998,-83.085863
T-14,505,65,-1.39,6,40.029991,-83.0861
T-14,506,63,-0.56,6,40.029996,-83.086321
T-14,507,62,-0.28,0,40.030001,-83.086535
T-14,508,61,-0.28,0,40.030008,-83.086741
T-14,509,62,0.28,6,40.030016,-83.086945
T-14,510,63,0.28,0,40.030025,-83.087146
T-14,511,64,0.28,0,40.030033,-83.087351
T-14,512,66,0.56,0,40.030041,-83.08756
T-14,513,67,0.28,6,40.030051,-83.087775
T-14,514,68,0.28,0,40.030061,-83.087993
T-14,515,68,0,0,40.030066,-83.088211
T-14,516,67,-0.28,0,40.030075,-83.088435
T-14,517,67,0,0,40.030081,-83.088658
T-14,518,66,-0.28,0,40.030093,-83.08888
T-14,519,66,0,6,40.030101,-83.0891
T-14,520,65,-0.28,0,40.03011,-83.089316
T-14,521,64,-0.28,0,40.030121,-83.089535
T-14,522,63,-0.28,0,40.03013,-83.089748
T-14,523,63,0,6,40.030136,-83.089958
T-14,524,59,-1.11,0,40.030143,-83.090165
T-14,525,56,-0.83,0,40.030148,-83.090366
T-14,526,53,-0.83,6,40.03016,-83.090558
T-14,527,49,-1.11,0,40.03017,-83.090738
T-14,528,45,-1.11,0,40.030178,-83.09091
T-14,529,40,-1.39,6,40.030183,-83.091066
T-14,530,29,-3.06,0,40.030183,-83.09121
T-14,531,20,-2.5,0,40.030183,-83.091326
T-14,532,16,-1.11,6,40.030178,-83.091408
T-14,533,11,-1.39,0,40.030171,-83.091468
T-14,534,5,-1.67,0,40.030165,-83.091511
T-14,535,2,-0.83,0,40.030158,-83.091541
T-14,536,0,-0.56,0,40.030155,-83.091555
T-14,537,0,0.0,6,40.030153,-83.09156
T-14,538,0,0.0,0,40.030151,-83.091563
T-14,539,0,0.0,0,40.030151,-83.091565
T-14,540,0,0.0,0,40.030151,-83.091566
T-14,541,0,0.0,0,40.030151,-83.091566
T-14,542,0,0.0,0,40.030151,-83.091566
T-14,543,0,0.0,0,40.030151,-83.091566
T-14,544,0,0.0,0,40.030151,-83.091566
T-14,545,0,0.0,0,40.030151,-83.091566
T-14,546,0,0.0,0,40.030151,-83.091566
T-14,547,0,0.0,0,40.030151,-83.091566
T-14,548,0,0.0,0,40.030151,-83.091566
T-14,549,0,0.0,0,40.030151,-83.091566
T-14,550,0,0.0,0,40.030151,-83.091566
T-14,551,0,0.0,0,40.030151,-83.091566
T-14,552,0,0.0,0,40.030151,-83.091566
T-14,553,0,0.0,0,40.030151,-83.091566
T-14,554,0,0.0,0,40.030151,-83.091566
T-14,555,0,0.0,0,40.030151,-83.091566
T-14,556,0,0.0,0,40.030151,-83.091566
T-14,557,0,0.0,0,40.030151,-83.091566
T-14,558,0,0.0,0,40.030151,-83.091566
T-14,559,0,0.0,0,40.030151,-83.091566
T-14,560,0,0.0,0,40.030151,-83.091566
T-14,561,0,0.0,0,40.030151,-83.091566
T-14,562,0,0.0,0,40.030151,-83.091566
T-14,563,0,0.0,0,40.030151,-83.091566
T-14,564,0,0.0,0,40.030151,-83.091566
T-14,565,0,0.0,0,40.030151,-83.091566
T-14,566,0,0.0,0,40.030151,-83.091566
T-14,567,0,0.0,0,40.030151,-83.091566
T-14,568,0,0.0,0,40.030151,-83.091566
T-14,569,0,0.0,0,40.030151,-83.091566
T-14,570,0,0.0,0,40.030151,-83.091566
T-14,571,0,0.0,0,40.030151,-83.091566
T-14,572,0,0.0,0,40.030151,-83.091566
T-14,573,0,0.0,0,40.030151,-83.091566
T-14,574,0,0.0,0,40.030151,-83.091566
T-14,575,0,0.0,0,40.030151,-83.091566
T-14,576,0,0.0,0,40.030151,-83.091566
T-14,577,0,0.0,0,40.030151,-83.091566
T-14,578,0,0.0,0,40.030151,-83.091566
T-14,579,0,0.0,0,40.030151,-83.091566
T-14,580,1,0.28,0,40.030151,-83.091566
T-14,581,12,3.06,0,40.030151,-83.091566
T-14,582,25,3.61,0,40.030148,-83.091588
T-14,583,34,2.5,0,40.03014,-83.091651
T-14,584,43,2.5,0,40.030126,-83.091748
T-14,585,49,1.67,0,40.030106,-83.091873
T-14,586,55,1.67,0,40.030085,-83.092021
T-14,587,59,1.11,0,40.030061,-83.092186
T-14,588,62,0.83,0,40.030035,-83.09237
T-14,589,63,0.28,0,40.030003,-83.092565
T-14,590,65,0.56,0,40.029971,-83.092766
T-14,591,66,0.28,0,40.02994,-83.092973
T-14,592,66,0,0,40.029906,-83.093183
T-14,593,67,0.28,0,40.029873,-83.093396
T-14,594,68,0.28,0,40.02984,-83.093613
T-14,595,67,-0.28,0,40.029805,-83.09383
T-14,596,66,-0.28,0,40.029768,-83.094046
T-14,597,66,0,0,40.029731,-83.094258
T-14,598,67,0.28,0,40.029695,-83.094471
T-14,599,66,-0.28,0,40.029656,-83.094685
T-14,600,67,0.28,0,40.029618,-83.094898
T-14,601,69,0.56,0,40.029581,-83.095111
T-14,602,69,0,0,40.029545,-83.09533
T-14,603,71,0.56,0,40.02951,-83.095551
T-14,604,71,0,0,40.029475,-83.095776
T-14,605,71,0,0,40.02944,-83.096006
T-14,606,71,0,0,40.029406,-83.096236
T-14,607,71,0,0,40.029373,-83.096466
T-14,608,70,-0.28,0,40.029343,-83.096695
T-14,609,70,0,0,40.029315,-83.096925
T-14,610,70,0,0,40.029285,-83.097153
T-14,611,72,0.56,0,40.029255,-83.097378
T-14,612,74,0.56,0,40.029226,-83.097608
T-14,613,74,0,0,40.029195,-83.097845
T-14,614,73,-0.28,0,40.029161,-83.098081
T-14,615,72,-0.28,0,40.029126,-83.098318
T-14,616,70,-0.56,0,40.02909,-83.098551
T-14,617,71,0.28,0,40.029055,-83.098781
T-14,618,72,0.28,0,40.029018,-83.09901
T-14,619,72,0,0,40.02898,-83.099241
T-14,620,71,-0.28,0,40.028941,-83.099473
T-14,621,70,-0.28,0,40.028903,-83.099701
T-14,622,69,-0.28,0,40.028866,-83.09993
T-14,623,69,0,0,40.028831,-83.100155
T-14,624,68,-0.28,0,40.028796,-83.100376
T-14,625,67,-0.28,0,40.028763,-83.100596
T-14,626,64,-0.83,0,40.028731,-83.100816
T-14,627,59,-1.39,0,40.028703,-83.101028
T-14,628,54,-1.39,0,40.028673,-83.101226
T-14,629,45,-2.5,0,40.028645,-83.10141
T-14,630,37,-2.22,0,40.02862,-83.101568
T-14,631,27,-2.78,0,40.028598,-83.101703
T-14,632,22,-1.39,0,40.028583,-83.10181
T-14,633,15,-1.94,0,40.028571,-83.101891
T-14,634,5,-2.78,0,40.028563,-83.101953
T-14,635,0,-1.39,0,40.028556,-83.101988
T-14,636,0,0.0,0,40.028556,-83.101998
T-14,637,0,0.0,0,40.028553,-83.102001
T-14,638,2,0.56,0,40.028551,-83.102005
T-14,639,3,0.28,0,40.028551,-83.102011
T-14,640,5,0.56,0,40.02855,-83.10202
T-14,641,12,1.94,0,40.028548,-83.102035
T-14,642,20,2.22,0,40.028545,-83.102063
T-14,643,27,1.94,0,40.028538,-83.102118
T-14,644,33,1.67,0,40.028528,-83.102196
T-14,645,32,-0.28,0,40.028515,-83.102295
T-14,646,28,-1.11,0,40.028501,-83.1024
T-14,647,26,-0.56,18,40.028503,-83.102503
T-14,648,28,0.56,30,40.028538,-83.102585
T-14,649,34,1.67,24,40.028596,-83.102633
T-14,650,42,2.22,18,40.028673,-83.102658
T-14,651,48,1.67,6,40.02877,-83.102671
T-14,652,54,1.67,0,40.028881,-83.102683
T-14,653,58,1.11,6,40.029008,-83.102693
T-14,654,60,0.56,0,40.029146,-83.102701
T-14,655,62,0.56,0,40.029293,-83.102711
T-14,656,64,0.56,6,40.029445,-83.102723
T-14,657,65,0.28,0,40.029603,-83.102736
T-14,658,66,0.28,6,40.029765,-83.102748
T-14,659,67,0.28,0,40.029931,-83.102758
T-14,660,68,0.28,6,40.0301,-83.102771
T-14,661,70,0.56,0,40.03027,-83.102783
T-14,662,71,0.28,0,40.030443,-83.102795
T-14,663,72,0.28,6,40.03062,-83.102805
T-14,664,74,0.56,0,40.0308,-83.102815
T-14,665,75,0.28,0,40.030983,-83.102826
T-14,666,75,0,0,40.03117,-83.102838
T-14,667,75,0,0,40.03136,-83.10285
T-14,668,75,0,0,40.03155,-83.102861
T-14,669,75,0,0,40.03174,-83.102875
T-14,670,75,0,0,40.03193,-83.102885
T-14,671,75,0,0,40.032118,-83.102895
T-14,672,76,0.28,0,40.032308,-83.102906
T-14,673,78,0.56,0,40.0325,-83.102918
T-14,674,79,0.28,0,40.032695,-83.102931
T-14,675,80,0.28,0,40.032891,-83.102943
T-14,676,80,0,0,40.033093,-83.102955
T-14,677,81,0.28,0,40.033296,-83.102966
T-14,678,82,0.28,0,40.033496,-83.102978
T-14,679,84,0.56,0,40.0337,-83.10299
T-14,680,86,0.56,0,40.033908,-83.103001
T-14,681,88,0.56,0,40.034123,-83.103016
T-14,682,88,0,6,40.034343,-83.103033
T-14,683,88,0,6,40.034561,-83.103045
T-14,684,88,0,0,40.03478,-83.103055
T-14,685,88,0,0,40.035001,-83.103066
T-14,686,87,-0.28,0,40.035221,-83.103075
T-14,687,87,0,0,40.035441,-83.103086
T-14,688,87,0,0,40.035661,-83.103095
T-14,689,87,0,0,40.03588,-83.103105
T-14,690,87,0,0,40.0361,-83.103116
T-14,691,87,0,0,40.036318,-83.103126
T-14,692,86,-0.28,0,40.036535,-83.103141
T-14,693,84,-0.56,6,40.036751,-83.103156
T-14,694,82,-0.56,0,40.036965,-83.103171
T-14,695,81,-0.28,0,40.037175,-83.103186
T-14,696,80,-0.28,6,40.03738,-83.1032
T-14,697,80,0,0,40.037581,-83.10321
T-14,698,80,0,6,40.037783,-83.103226
T-14,699,80,0,0,40.037985,-83.103241
T-14,700,79,-0.28,0,40.038185,-83.103256
T-14,701,78,-0.28,6,40.038383,-83.103268
T-14,702,78,0,0,40.038583,-83.103278
T-14,703,78,0,0,40.038781,-83.10329
T-14,704,79,0.28,0,40.038978,-83.103301
T-14,705,80,0.28,0,40.039176,-83.103311
T-14,706,79,-0.28,6,40.039378,-83.103325
T-14,707,80,0.28,0,40.039578,-83.10334
T-14,708,80,0,6,40.03978,-83.103351
T-14,709,80,0,0,40.039981,-83.103363
T-14,710,80,0,6,40.040183,-83.103376
T-14,711,81,0.28,6,40.040386,-83.10339
T-14,712,81,0,0,40.040591,-83.1034
T-14,713,82,0.28,0,40.040796,-83.103411
T-14,714,82,0,0,40.041001,-83.103423
T-14,715,82,0,0,40.041208,-83.103435
T-14,716,82,0,6,40.041413,-83.103453
T-14,717,83,0.28,6,40.04162,-83.103465
T-14,718,83,0,0,40.041828,-83.103475
T-14,719,83,0,0,40.042036,-83.103488
T-14,720,83,0,6,40.042245,-83.103503
T-14,721,83,0,6,40.042453,-83.103515
T-14,722,83,0,6,40.042661,-83.103536
T-14,723,83,0,0,40.042873,-83.103551
T-14,724,84,0.28,6,40.043085,-83.103565
T-14,725,84,0,0,40.043295,-83.10358
T-14,726,84,0,0,40.043506,-83.103591
T-14,727,84,0,6,40.043716,-83.103606
T-14,728,84,0,6,40.043928,-83.10362
T-14,729,85,0.28,0,40.044136,-83.103628
T-14,730,85,0,0,40.044351,-83.10364
T-14,731,85,0,0,40.044565,-83.10365
T-14,732,85,0,6,40.044781,-83.103663
T-14,733,84,-0.28,6,40.044996,-83.103675
T-14,734,84,0,0,40.04521,-83.10369
T-14,735,84,0,0,40.045421,-83.103701
T-14,736,83,-0.28,0,40.04563,-83.103711
T-14,737,83,0,6,40.045838,-83.103728
T-14,738,84,0.28,0,40.046045,-83.10375
T-14,739,85,0.28,0,40.046253,-83.103775
T-14,740,86,0.28,0,40.046465,-83.103805
T-14,741,85,-0.28,0,40.046676,-83.103836
T-14,742,85,0,6,40.04689,-83.103896
T-14,743,84,-0.28,0,40.047103,-83.103963
T-14,744,83,-0.28,6,40.047308,-83.104038
T-14,745,81,-0.56,0,40.047511,-83.104116
T-14,746,80,-0.28,0,40.04771,-83.104195
T-14,747,78,-0.56,0,40.047905,-83.104275
T-14,748,77,-0.28,0,40.048095,-83.104351
T-14,749,76,-0.28,0,40.048283,-83.104428
T-14,750,76,0,0,40.04847,-83.104503
T-14,751,77,0.28,0,40.048655,-83.104576
T-14,752,76,-0.28,0,40.048841,-83.10465
T-14,753,76,0,0,40.049026,-83.104723
T-14,754,75,-0.28,0,40.049211,-83.104795
T-14,755,75,0,0,40.0494,-83.104863
T-14,756,75,0,0,40.049586,-83.104926
T-14,757,75,0,6,40.049771,-83.104991
T-14,758,75,0,6,40.049955,-83.105056
T-14,759,75,0,0,40.050136,-83.105125
T-14,760,74,-0.28,0,40.05032,-83.105193
T-14,761,74,0,0,40.0505,-83.105265
T-14,762,74,0,0,40.050681,-83.105335
T-14,763,74,0,0,40.050861,-83.105403
T-14,764,74,0,0,40.051041,-83.105471
T-14,765,73,-0.28,0,40.051223,-83.105536
T-14,766,72,-0.28,0,40.0514,-83.105606
T-14,767,71,-0.28,0,40.051576,-83.105673
T-14,768,71,0,0,40.051751,-83.105736
T-14,769,70,-0.28,0,40.051923,-83.105803
T-14,770,69,-0.28,0,40.052093,-83.10587
T-14,771,68,-0.28,0,40.05226,-83.105938
T-14,772,68,0,0,40.052425,-83.106006
T-14,773,66,-0.56,0,40.05259,-83.106073
T-14,774,63,-0.83,0,40.052751,-83.106136
T-14,775,62,-0.28,0,40.052908,-83.106196
T-14,776,59,-0.83,0,40.053058,-83.106256
T-14,777,56,-0.83,0,40.053203,-83.10632
T-14,778,53,-0.83,0,40.053345,-83.106383
T-14,779,49,-1.11,0,40.053476,-83.106445
T-14,780,43,-1.67,0,40.0536,-83.1065
T-14,781,35,-2.22,0,40.05371,-83.106545
T-14,782,27,-2.22,0,40.053805,-83.106581
T-14,783,20,-1.94,0,40.05388,-83.10661
T-14,784,14,-1.67,0,40.053938,-83.106631
T-14,785,9,-1.39,0,40.05398,-83.106648
T-14,786,5,-1.11,0,40.054008,-83.106658
T-14,787,2,-0.83,0,40.054028,-83.106665
T-14,788,0,-0.56,0,40.054038,-83.10667
T-14,789,0,0.0,0,40.054041,-83.106671
T-14,790,0,0.0,0,40.054043,-83.106671
T-14,791,0,0.0,0,40.054043,-83.106671
T-14,792,2,0.56,0,40.054043,-83.106673
T-14,793,3,0.28,0,40.054048,-83.106675
T-14,794,4,0.28,0,40.054055,-83.106678
T-14,795,5,0.28,0,40.054066,-83.106683
T-14,796,11,1.67,0,40.054078,-83.106688
T-14,797,22,3.06,6,40.054098,-83.106693
T-14,798,27,1.39,12,40.054133,-83.106716
T-14,799,32,1.39,24,40.054171,-83.10677
T-14,800,34,0.56,24,40.054195,-83.106853
T-14,801,40,1.67,24,40.054188,-83.106956
T-14,802,44,1.11,6,40.054173,-83.107076
T-14,803,46,0.56,0,40.054155,-83.107211
T-14,804,49,0.83,0,40.05413,-83.107358
T-14,805,52,0.83,0,40.054106,-83.107511
T-14,806,55,0.83,0,40.054083,-83.107675
T-14,807,57,0.56,0,40.054061,-83.107846
T-14,808,58,0.28,0,40.054038,-83.108025
T-14,809,60,0.56,0,40.054011,-83.108208
T-14,810,61,0.28,0,40.053986,-83.108398
T-14,811,63,0.56,0,40.05396,-83.108593
T-14,812,64,0.28,0,40.053931,-83.108795
T-14,813,65,0.28,0,40.053901,-83.109
T-14,814,66,0.28,0,40.053871,-83.10921
T-14,815,66,0,0,40.053841,-83.109423
T-14,816,66,0,0,40.05381,-83.109638
T-14,817,66,0,0,40.05378,-83.109851
T-14,818,65,-0.28,0,40.05375,-83.110066
T-14,819,64,-0.28,0,40.05372,-83.11028
T-14,820,63,-0.28,0,40.053691,-83.110488
T-14,821,63,0,0,40.05366,-83.110695
T-14,822,63,0,0,40.053631,-83.110898
T-14,823,63,0,0,40.053603,-83.111101
T-14,824,64,0.28,0,40.053575,-83.111303
T-14,825,65,0.28,0,40.053546,-83.111508
T-14,826,65,0,0,40.053516,-83.111715
T-14,827,65,0,0,40.053488,-83.111925
T-14,828,65,0,0,40.05346,-83.112135
T-14,829,66,0.28,0,40.053433,-83.112348
T-14,830,68,0.56,0,40.053403,-83.11256
T-14,831,69,0.28,0,40.053373,-83.112773
T-14,832,70,0.28,0,40.053341,-83.112993
T-14,833,70,0,0,40.053308,-83.113216
T-14,834,71,0.28,0,40.053276,-83.113441
T-14,835,71,0,0,40.053243,-83.11367
T-14,836,71,0,0,40.053213,-83.113895
T-14,837,71,0,0,40.053183,-83.114126
T-14,838,71,0,0,40.053151,-83.114358
T-14,839,71,0,0,40.053121,-83.114588
T-14,840,70,-0.28,0,40.053091,-83.114816
T-14,841,70,0,0,40.05306,-83.115045
T-14,842,71,0.28,0,40.053028,-83.115271
T-14,843,70,-0.28,0,40.052996,-83.1155
T-14,844,71,0.28,0,40.052965,-83.115728
T-14,845,71,0,0,40.052931,-83.115956
T-14,846,71,0,0,40.0529,-83.116185
T-14,847,71,0,0,40.052866,-83.116415
T-14,848,71,0,0,40.052835,-83.116645
T-14,849,71,0,0,40.052801,-83.116876
T-14,850,70,-0.28,0,40.05277,-83.117106
T-14,851,70,0,0,40.05274,-83.117333
T-14,852,69,-0.28,0,40.05271,-83.11756
T-14,853,69,0,0,40.05268,-83.117785
T-14,854,68,-0.28,0,40.05265,-83.118008
T-14,855,68,0,0,40.052618,-83.11823
T-14,856,68,0,0,40.052586,-83.118451
T-14,857,69,0.28,0,40.052556,-83.118675
T-14,858,68,-0.28,0,40.052525,-83.118895
T-14,859,68,0,0,40.052491,-83.119115
T-14,860,68,0,0,40.05246,-83.119336
T-14,861,68,0,0,40.052428,-83.119558
T-14,862,68,0,0,40.052398,-83.11978
T-14,863,69,0.28,0,40.05237,-83.120001
T-14,864,70,0.28,0,40.052341,-83.120225
T-14,865,70,0,0,40.052311,-83.12045
T-14,866,71,0.28,0,40.05228,-83.120676
T-14,867,71,0,0,40.052246,-83.120903
T-14,868,71,0,0,40.052213,-83.121131
T-14,869,71,0,0,40.05218,-83.121358
T-14,870,71,0,0,40.05215,-83.121586
T-14,871,72,0.28,0,40.05212,-83.121816
T-14,872,72,0,0,40.052086,-83.122048
T-14,873,73,0.28,0,40.05205,-83.122278
T-14,874,73,0,6,40.052003,-83.122508
T-14,875,72,-0.28,0,40.051946,-83.122735
T-14,876,71,-0.28,6,40.051878,-83.122958
T-14,877,70,-0.28,0,40.051805,-83.123175
T-14,878,70,0,0,40.051735,-83.123388
T-14,879,70,0,0,40.051663,-83.123598
T-14,880,71,0.28,0,40.051591,-83.12381
T-14,881,70,-0.28,0,40.05152,-83.124021
T-14,882,70,0,0,40.05145,-83.124235
T-14,883,70,0,0,40.051378,-83.124445
T-14,884,70,0,0,40.051306,-83.124656
T-14,885,71,0.28,0,40.051235,-83.124866
T-14,886,72,0.28,0,40.051165,-83.12508
T-14,887,72,0,6,40.0511,-83.125296
T-14,888,73,0.28,0,40.05104,-83.125518
T-14,889,75,0.56,0,40.050985,-83.125746
T-14,890,76,0.28,6,40.050936,-83.12598
T-14,891,77,0.28,0,40.050895,-83.12622
T-14,892,78,0.28,0,40.050853,-83.126465
T-14,893,79,0.28,0,40.05081,-83.126715
T-14,894,79,0,0,40.050766,-83.126968
T-14,895,77,-0.56,0,40.050723,-83.127223
T-14,896,75,-0.56,0,40.050681,-83.127473
T-14,897,74,-0.28,0,40.05064,-83.127716
T-14,898,72,-0.56,0,40.0506,-83.127956
T-14,899,69,-0.83,0,40.050561,-83.12819
T-14,900,67,-0.56,0,40.050526,-83.128415
T-14,901,67,0,0,40.050491,-83.128635
T-14,902,67,0,0,40.050455,-83.12885
T-14,903,67,0,0,40.050418,-83.129063
T-14,904,70,0.83,0,40.050381,-83.12928
T-14,905,71,0.28,0,40.050345,-83.1295
T-14,906,72,0.28,0,40.050308,-83.129726
T-14,907,73,0.28,0,40.050276,-83.129958
T-14,908,74,0.28,6,40.050248,-83.130193
T-14,909,74,0,0,40.05022,-83.130431
T-14,910,74,0,0,40.050191,-83.130671
T-14,911,73,-0.28,0,40.050163,-83.130911
T-14,912,72,-0.28,0,40.050136,-83.131148
T-14,913,71,-0.28,0,40.050113,-83.131385
T-14,914,67,-1.11,0,40.050091,-83.131618
T-14,915,63,-1.11,0,40.050075,-83.131843
T-14,916,61,-0.56,0,40.050058,-83.132058
T-14,917,60,-0.28,0,40.050046,-83.132261
T-14,918,58,-0.56,0,40.050033,-83.132458
T-14,919,56,-0.56,0,40.050018,-83.13265
T-14,920,51,-1.39,0,40.05,-83.132836
T-14,921,45,-1.67,6,40.049971,-83.133011
T-14,922,38,-1.94,6,40.049943,-83.133165
T-14,923,34,-1.11,0,40.049913,-83.133296
T-14,924,32,-0.56,6,40.049895,-83.133415
T-14,925,33,0.28,18,40.049893,-83.133525
T-14,926,37,1.11,12,40.049915,-83.133631
T-14,927,40,0.83,6,40.049948,-83.133741
T-14,928,42,0.56,6,40.049975,-83.133861
T-14,929,45,0.83,18,40.049983,-83.133991
T-14,930,47,0.56,18,40.049961,-83.134125
T-14,931,50,0.83,6,40.049923,-83.134263
T-14,932,54,1.11,6,40.049883,-83.134416
T-14,933,58,1.11,6,40.049856,-83.134585
T-14,934,61,0.83,6,40.049835,-83.134766
T-14,935,62,0.28,0,40.049815,-83.13496
T-14,936,64,0.56,0,40.049795,-83.13516
T-14,937,65,0.28,0,40.049778,-83.135363
T-14,938,67,0.56,0,40.04976,-83.135573
T-14,939,68,0.28,0,40.049741,-83.13579
T-14,940,70,0.56,0,40.049721,-83.136011
T-14,941,72,0.56,0,40.0497,-83.136236
T-14,942,72,0,0,40.049678,-83.136468
T-14,943,72,0,0,40.049656,-83.136703
T-14,944,72,0,0,40.049636,-83.136938
T-14,945,72,0,0,40.049616,-83.137173
T-14,946,72,0,0,40.049596,-83.137408
T-14,947,72,0,0,40.049576,-83.137641
T-14,948,72,0,0,40.049555,-83.137875
T-14,949,73,0.28,0,40.049533,-83.138108
T-14,950,73,0,0,40.049511,-83.138345
T-14,951,73,0,0,40.04949,-83.138583
T-14,952,72,-0.28,0,40.04947,-83.13882
T-14,953,72,0,0,40.049451,-83.139056
T-29,1,0,0,0,39.97079,-82.932383
T-29,2,0,0.0,0,39.97079,-82.932383
T-29,3,0,0.0,0,39.97079,-82.932383
T-29,4,0,0.0,0,39.97079,-82.932383
T-29,5,0,0.0,0,39.97079,-82.932383
T-29,6,0,0.0,0,39.97079,-82.932383
T-29,7,0,0.0,0,39.97079,-82.932383
T-29,8,0,0.0,0,39.97079,-82.932383
T-29,9,0,0.0,0,39.97079,-82.932383
T-29,10,0,0.0,0,39.97079,-82.932383
T-29,11,0,0.0,0,39.97079,-82.932391
T-29,12,0,0.0,0,39.970788,-82.932391
T-29,13,0,0.0,0,39.970786,-82.9324
T-29,14,0,0.0,0,39.970786,-82.932403
T-29,15,0,0.0,0,39.970785,-82.932406
T-29,16,0,0.0,0,39.970785,-82.932411
T-29,17,0,0.0,0,39.970785,-82.932411
T-29,18,0,0.0,0,39.970785,-82.932411
T-29,19,0,0.0,0,39.970785,-82.932411
T-29,20,0,0.0,0,39.970785,-82.932411
T-29,21,0,0.0,0,39.970785,-82.932411
T-29,22,0,0.0,0,39.970785,-82.932411
T-29,23,0,0.0,0,39.970785,-82.932411
T-29,24,0,0.0,0,39.970785,-82.932411
T-29,25,0,0.0,0,39.970785,-82.932411
T-29,26,0,0.0,0,39.970785,-82.932411
T-29,27,0,0.0,0,39.970785,-82.932411
T-29,28,0,0.0,0,39.970785,-82.932411
T-29,29,0,0.0,0,39.970785,-82.932411
T-29,30,0,0.0,0,39.970785,-82.932411
T-29,31,0,0.0,0,39.970785,-82.932411
T-29,32,0,0.0,0,39.970785,-82.932411
T-29,33,0,0.0,0,39.970785,-82.932411
T-29,34,0,0.0,0,39.970785,-82.932411
T-29,35,0,0.0,0,39.970785,-82.932411
T-29,36,0,0.0,0,39.970785,-82.932411
T-29,37,0,0.0,0,39.970785,-82.932411
T-29,38,0,0.0,0,39.970785,-82.932411
T-29,39,0,0.0,0,39.970785,-82.932411
T-29,40,0,0.0,0,39.970785,-82.932411
T-29,41,0,0.0,0,39.970785,-82.932411
T-29,42,0,0.0,0,39.970785,-82.932411
T-29,43,0,0.0,0,39.970785,-82.932411
T-29,44,0,0.0,0,39.970785,-82.932411
T-29,45,0,0.0,0,39.970785,-82.932411
T-29,46,0,0.0,0,39.970785,-82.932411
T-29,47,0,0.0,0,39.970785,-82.932411
T-29,48,0,0.0,0,39.970785,-82.932411
T-29,49,0,0.0,0,39.970785,-82.932411
T-29,50,4,1.11,0,39.970785,-82.932411
T-29,51,9,1.39,0,39.970783,-82.932415
T-29,52,12,0.83,66,39.970758,-82.93242
T-29,53,12,0,0,39.970725,-82.93242
T-29,54,10,-0.56,0,39.970691,-82.932423
T-29,55,10,0,0,39.970666,-82.932423
T-29,56,11,0.28,0,39.970638,-82.932425
T-29,57,12,0.28,0,39.970616,-82.932435
T-29,58,17,1.39,6,39.970598,-82.932458
T-29,59,21,1.11,12,39.97058,-82.932488
T-29,60,19,-0.56,18,39.970575,-82.932546
T-29,61,14,-1.39,18,39.970568,-82.932601
T-29,62,9,-1.39,6,39.970566,-82.932658
T-29,63,5,-1.11,6,39.970575,-82.93268
T-29,64,2,-0.83,0,39.970581,-82.9327
T-29,65,1,-0.28,6,39.970588,-82.932716
T-29,66,1,0,0,39.970586,-82.932726
T-29,67,0,-0.28,0,39.97059,-82.932735
T-29,68,0,0.0,0,39.97059,-82.932743
T-29,69,0,0.0,0,39.970595,-82.932746
T-29,70,0,0.0,0,39.970596,-82.932753
T-29,71,0,0.0,0,39.970595,-82.93276
T-29,72,0,0.0,0,39.970593,-82.932766
T-29,73,0,0.0,0,39.970588,-82.932778
T-29,74,0,0.0,0,39.970585,-82.932786
T-29,75,3,0.83,0,39.97058,-82.932808
T-29,76,9,1.67,0,39.970578,-82.93283
T-29,77,13,1.11,24,39.970616,-82.93284
T-29,78,18,1.39,18,39.970643,-82.932868
T-29,79,24,1.67,18,39.970678,-82.932886
T-29,80,30,1.67,24,39.970786,-82.932918
T-29,81,35,1.39,18,39.970905,-82.932903
T-29,82,41,1.67,0,39.970991,-82.932906
T-29,83,45,1.11,0,39.971088,-82.932911
T-29,84,48,0.83,0,39.971193,-82.932916
T-29,85,52,1.11,0,39.971306,-82.932916
T-29,86,51,-0.28,0,39.971435,-82.932915
T-29,87,50,-0.28,0,39.97156,-82.932918
T-29,88,51,0.28,0,39.971686,-82.932921
T-29,89,50,-0.28,0,39.971815,-82.932913
T-29,90,49,-0.28,0,39.971941,-82.932908
T-29,91,48,-0.28,0,39.972063,-82.932913
T-29,92,48,0,0,39.972181,-82.932895
T-29,93,48,0,6,39.972305,-82.932876
T-29,94,48,0,0,39.972425,-82.932865
T-29,95,47,-0.28,0,39.972543,-82.93285
T-29,96,46,-0.28,0,39.972661,-82.932838
T-29,97,45,-0.28,0,39.972775,-82.932831
T-29,98,44,-0.28,0,39.97289,-82.932821
T-29,99,43,-0.28,0,39.973008,-82.932798
T-29,100,41,-0.56,0,39.97312,-82.932785
T-29,101,37,-1.11,0,39.973218,-82.93277
T-29,102,32,-1.39,6,39.973316,-82.932775
T-29,103,28,-1.11,0,39.97339,-82.932773
T-29,104,25,-0.83,0,39.973458,-82.932768
T-29,105,23,-0.56,6,39.973521,-82.932755
T-29,106,23,0,0,39.973586,-82.932745
T-29,107,22,-0.28,6,39.973648,-82.93274
T-29,108,18,-1.11,0,39.973701,-82.932731
T-29,109,14,-1.11,0,39.973736,-82.932726
T-29,110,13,-0.28,0,39.973773,-82.932726
T-29,111,14,0.28,0,39.973806,-82.932716
T-29,112,12,-0.56,0,39.973841,-82.932711
T-29,113,8,-1.11,0,39.97387,-82.932708
T-29,114,5,-0.83,0,39.973886,-82.932711
T-29,115,7,0.56,0,39.973908,-82.932701
T-29,116,11,1.11,0,39.973931,-82.932696
T-29,117,16,1.39,0,39.97396,-82.932691
T-29,118,22,1.67,6,39.974,-82.932673
T-29,119,27,1.39,6,39.974043,-82.932663
T-29,120,32,1.39,0,39.974111,-82.932641
T-29,121,37,1.39,0,39.974175,-82.93263
T-29,122,40,0.83,0,39.974261,-82.932626
T-29,123,43,0.83,6,39.974365,-82.932625
T-29,124,45,0.56,0,39.974488,-82.932611
T-29,125,48,0.83,0,39.974606,-82.9326
T-29,126,50,0.56,0,39.974728,-82.932586
T-29,127,50,0,0,39.97485,-82.932576
T-29,128,50,0,0,39.974971,-82.932565
T-29,129,49,-0.28,0,39.975091,-82.932553
T-29,130,48,-0.28,0,39.975213,-82.932538
T-29,131,48,0,0,39.975331,-82.932513
T-29,132,47,-0.28,0,39.97545,-82.932495
T-29,133,47,0,0,39.97556,-82.932481
T-29,134,46,-0.28,0,39.975675,-82.932465
T-29,135,45,-0.28,0,39.97579,-82.932451
T-29,136,42,-0.83,0,39.975896,-82.932445
T-29,137,33,-2.5,0,39.97599,-82.932438
T-29,138,26,-1.94,6,39.976065,-82.93244
T-29,139,18,-2.22,0,39.976125,-82.932445
T-29,140,11,-1.94,0,39.976176,-82.932455
T-29,141,6,-1.39,6,39.976213,-82.932463
T-29,142,2,-1.11,0,39.976241,-82.932465
T-29,143,0,-0.56,0,39.976241,-82.932458
T-29,144,0,0.0,0,39.976245,-82.93246
T-29,145,1,0.28,0,39.976253,-82.93245
T-29,146,3,0.56,0,39.976258,-82.932446
T-29,147,6,0.83,0,39.976268,-82.932446
T-29,148,11,1.39,0,39.976285,-82.93245
T-29,149,16,1.39,0,39.976306,-82.932455
T-29,150,22,1.67,0,39.976338,-82.932461
T-29,151,26,1.11,6,39.976386,-82.93246
T-29,152,30,1.11,0,39.976445,-82.93246
T-29,153,34,1.11,0,39.97653,-82.932453
T-29,154,36,0.56,0,39.976635,-82.932448
T-29,155,38,0.56,6,39.97672,-82.932438
T-29,156,38,0,0,39.976808,-82.932426
T-29,157,32,-1.67,0,39.97691,-82.932416
T-29,158,27,-1.39,6,39.97698,-82.932415
T-29,159,24,-0.83,0,39.977043,-82.932401
T-29,160,23,-0.28,0,39.977105,-82.932396
T-29,161,26,0.83,0,39.977168,-82.932391
T-29,162,31,1.39,6,39.977241,-82.932381
T-29,163,35,1.11,0,39.97732,-82.932371
T-29,164,40,1.39,6,39.977405,-82.932366
T-29,165,43,0.83,6,39.977506,-82.932355
T-29,166,45,0.56,0,39.977616,-82.932345
T-29,167,45,0,0,39.977726,-82.932335
T-29,168,45,0,0,39.97784,-82.932328
T-29,169,43,-0.56,0,39.977953,-82.932318
T-29,170,42,-0.28,0,39.978063,-82.932306
T-29,171,41,-0.28,0,39.97817,-82.932296
T-29,172,38,-0.83,0,39.978276,-82.932286
T-29,173,36,-0.56,0,39.978371,-82.932281
T-29,174,34,-0.56,6,39.978461,-82.932276
T-29,175,35,0.28,6,39.97855,-82.93227
T-29,176,37,0.56,0,39.978641,-82.932261
T-29,177,38,0.28,0,39.978733,-82.932251
T-29,178,39,0.28,0,39.97883,-82.932243
T-29,179,39,0,0,39.978928,-82.932236
T-29,180,40,0.28,6,39.97903,-82.932233
T-29,181,41,0.28,0,39.979133,-82.932228
T-29,182,41,0,0,39.979238,-82.932223
T-29,183,41,0,6,39.979341,-82.932208
T-29,184,40,-0.28,0,39.979445,-82.932201
T-29,185,39,-0.28,0,39.979546,-82.932188
T-29,186,39,0,0,39.979645,-82.932181
T-29,187,38,-0.28,6,39.979745,-82.932181
T-29,188,38,0,0,39.979843,-82.932176
T-29,189,37,-0.28,6,39.979938,-82.932165
T-29,190,37,0,0,39.98003,-82.932153
T-29,191,37,0,0,39.98012,-82.932133
T-29,192,37,0,0,39.980213,-82.932126
T-29,193,38,0.28,0,39.98031,-82.932123
T-29,194,38,0,0,39.980405,-82.932115
T-29,195,39,0.28,0,39.980503,-82.932111
T-29,196,40,0.28,0,39.980603,-82.932103
T-29,197,41,0.28,0,39.980701,-82.932088
T-29,198,41,0,0,39.980803,-82.932073
T-29,199,41,0,0,39.980908,-82.932065
T-29,200,40,-0.28,6,39.981011,-82.93206
T-29,201,39,-0.28,0,39.981113,-82.932058
T-29,202,38,-0.28,0,39.981211,-82.932055
T-29,203,38,0,0,39.981313,-82.932058
T-29,204,38,0,0,39.981413,-82.93205
T-29,205,37,-0.28,6,39.98151,-82.932038
T-29,206,37,0,0,39.981603,-82.932023
T-29,207,36,-0.28,0,39.981698,-82.932016
T-29,208,35,-0.28,0,39.981788,-82.932003
T-29,209,35,0,0,39.981876,-82.931995
T-29,210,36,0.28,0,39.98197,-82.93199
T-29,211,38,0.56,6,39.982058,-82.931986
T-29,212,39,0.28,0,39.982155,-82.931983
T-29,213,41,0.56,0,39.982255,-82.931978
T-29,214,43,0.56,6,39.982356,-82.93197
T-29,215,45,0.56,0,39.982471,-82.931963
T-29,216,47,0.56,6,39.98259,-82.93196
T-29,217,47,0,6,39.982706,-82.93195
T-29,218,46,-0.28,6,39.982826,-82.931948
T-29,219,46,0,6,39.982941,-82.93193
T-29,220,46,0,0,39.983058,-82.931915
T-29,221,46,0,0,39.983175,-82.931896
T-29,222,46,0,0,39.983291,-82.931881
T-29,223,46,0,0,39.983408,-82.931861
T-29,224,47,0.28,0,39.983528,-82.931848
T-29,225,47,0,0,39.983648,-82.931828
T-29,226,46,-0.28,0,39.983766,-82.931816
T-29,227,45,-0.28,0,39.983878,-82.931805
T-29,228,43,-0.56,0,39.983993,-82.93179
T-29,229,41,-0.56,0,39.984103,-82.931775
T-29,230,38,-0.83,0,39.984205,-82.931756
T-29,231,35,-0.83,0,39.984288,-82.93174
T-29,232,30,-1.39,0,39.984375,-82.931726
T-29,233,25,-1.39,0,39.984448,-82.931708
T-29,234,20,-1.39,0,39.984506,-82.931691
T-29,235,15,-1.39,0,39.984555,-82.931676
T-29,236,13,-0.56,0,39.984595,-82.931666
T-29,237,9,-1.11,0,39.98463,-82.93166
T-29,238,4,-1.39,0,39.984656,-82.93166
T-29,239,0,-1.11,12,39.98467,-82.931661
T-29,240,0,0.0,6,39.984675,-82.931661
T-29,241,0,0.0,0,39.984675,-82.931661
T-29,242,0,0.0,0,39.984676,-82.93166
T-29,243,0,0.0,0,39.98468,-82.931656
T-29,244,0,0.0,0,39.98468,-82.931653
T-29,245,0,0.0,0,39.984683,-82.931655
T-29,246,0,0.0,0,39.984685,-82.931655
T-29,247,0,0.0,0,39.984688,-82.931656
T-29,248,0,0.0,0,39.984688,-82.931656
T-29,249,0,0.0,0,39.984688,-82.931656
T-29,250,0,0.0,0,39.984688,-82.931656
T-29,251,0,0.0,0,39.984688,-82.931656
T-29,252,5,1.39,0,39.984688,-82.931656
T-29,253,9,1.11,18,39.984698,-82.931651
T-29,254,12,0.83,6,39.984721,-82.931643
T-29,255,15,0.83,0,39.984753,-82.931635
T-29,256,21,1.67,0,39.984796,-82.931623
T-29,257,21,0,0,39.984848,-82.931613
T-29,258,15,-1.67,0,39.9849,-82.931603
T-29,259,9,-1.67,0,39.984936,-82.931593
T-29,260,2,-1.94,6,39.984958,-82.931591
T-29,261,0,-0.56,6,39.984968,-82.931598
T-29,262,0,0.0,18,39.984971,-82.931603
T-29,263,0,0.0,18,39.984975,-82.931608
T-29,264,0,0.0,0,39.984976,-82.931611
T-29,265,0,0.0,0,39.984976,-82.931611
T-29,266,0,0.0,0,39.984983,-82.931618
T-29,267,0,0.0,0,39.984986,-82.93162
T-29,268,0,0.0,0,39.984986,-82.93162
T-29,269,11,3.06,0,39.984986,-82.93162
T-29,270,17,1.67,24,39.985006,-82.931616
T-29,271,23,1.67,0,39.98504,-82.931625
T-29,272,28,1.39,18,39.985095,-82.93169
T-29,273,35,1.94,18,39.98513,-82.931773
T-29,274,41,1.67,18,39.985163,-82.931885
T-29,275,47,1.67,6,39.985185,-82.931996
T-29,276,52,1.39,6,39.985203,-82.932123
T-29,277,57,1.39,6,39.985211,-82.93228
T-29,278,62,1.39,0,39.985221,-82.932513
T-29,279,67,1.39,0,39.985228,-82.932726
T-29,280,69,0.56,0,39.985241,-82.93294
T-29,281,72,0.83,0,39.985261,-82.933161
T-29,282,75,0.83,0,39.985283,-82.933391
T-29,283,77,0.56,0,39.9853,-82.933638
T-29,284,78,0.28,0,39.985315,-82.93389
T-29,285,78,0,0,39.985328,-82.934141
T-29,286,78,0,0,39.985343,-82.934395
T-29,287,78,0,0,39.98536,-82.934646
T-29,288,77,-0.28,0,39.985375,-82.934901
T-29,289,77,0,0,39.985393,-82.935153
T-29,290,78,0.28,0,39.98541,-82.935405
T-29,291,78,0,0,39.985431,-82.93566
T-29,292,79,0.28,0,39.985455,-82.935913
T-29,293,79,0,0,39.985478,-82.936166
T-29,294,76,-0.83,0,39.985505,-82.93642
T-29,295,71,-1.39,0,39.985528,-82.93666
T-29,296,68,-0.83,0,39.985555,-82.9369
T-29,297,62,-1.67,6,39.985586,-82.937115
T-29,298,55,-1.94,0,39.985606,-82.937316
T-29,299,46,-2.5,0,39.985623,-82.937496
T-29,300,41,-1.39,6,39.985636,-82.937655
T-29,301,31,-2.78,0,39.985651,-82.937801
T-29,302,24,-1.94,0,39.985656,-82.937905
T-29,303,16,-2.22,0,39.985656,-82.937975
T-29,304,9,-1.94,0,39.985658,-82.938023
T-29,305,3,-1.67,0,39.985658,-82.938051
T-29,306,0,-0.83,0,39.985656,-82.938058
T-29,307,0,0.0,0,39.985655,-82.938061
T-29,308,0,0.0,0,39.985653,-82.93806
T-29,309,0,0.0,0,39.985653,-82.938055
T-29,310,0,0.0,0,39.985653,-82.938053
T-29,311,0,0.0,0,39.985653,-82.938053
T-29,312,0,0.0,0,39.985653,-82.938053
T-29,313,0,0.0,0,39.985653,-82.938053
T-29,314,0,0.0,0,39.985653,-82.938053
T-29,315,0,0.0,0,39.985653,-82.938053
T-29,316,0,0.0,0,39.985653,-82.938053
T-29,317,0,0.0,0,39.985653,-82.938053
T-29,318,0,0.0,0,39.985653,-82.938053
T-29,319,0,0.0,0,39.985653,-82.938053
T-29,320,0,0.0,0,39.985653,-82.938053
T-29,321,0,0.0,0,39.985653,-82.938053
T-29,322,0,0.0,0,39.985653,-82.938053
T-29,323,0,0.0,0,39.985653,-82.938053
T-29,324,0,0.0,0,39.985653,-82.938053
T-29,325,0,0.0,0,39.985653,-82.938053
T-29,326,0,0.0,0,39.985653,-82.938053
T-29,327,0,0.0,0,39.985653,-82.938053
T-29,328,0,0.0,0,39.985653,-82.938053
T-29,329,0,0.0,0,39.985653,-82.938053
T-29,330,0,0.0,0,39.985653,-82.938053
T-29,331,0,0.0,0,39.985653,-82.938053
T-29,332,0,0.0,0,39.985653,-82.938053
T-29,333,0,0.0,0,39.985653,-82.938053
T-29,334,6,1.67,0,39.985653,-82.938053
T-29,335,14,2.22,0,39.985656,-82.93807
T-29,336,19,1.39,6,39.985661,-82.938115
T-29,337,21,0.56,6,39.985666,-82.938173
T-29,338,23,0.56,0,39.985673,-82.938235
T-29,339,25,0.56,18,39.98571,-82.9383
T-29,340,30,1.39,12,39.985746,-82.93835
T-29,341,35,1.39,12,39.985801,-82.938385
T-29,342,42,1.94,24,39.98588,-82.938385
T-29,343,49,1.94,18,39.985983,-82.938366
T-29,344,55,1.67,0,39.986111,-82.938371
T-29,345,62,1.94,0,39.986228,-82.938365
T-29,346,68,1.67,6,39.986361,-82.93835
T-29,347,74,1.67,0,39.986506,-82.938321
T-29,348,79,1.39,6,39.986671,-82.93828
T-29,349,83,1.11,0,39.986853,-82.938241
T-29,350,88,1.39,0,39.987048,-82.938206
T-29,351,91,0.83,0,39.987276,-82.938191
T-29,352,95,1.11,0,39.987513,-82.938156
T-29,353,97,0.56,0,39.987755,-82.938106
T-29,354,100,0.83,0,39.988015,-82.938056
T-29,355,101,0.28,0,39.98827,-82.93799
T-29,356,104,0.83,0,39.988538,-82.937915
T-29,357,105,0.28,0,39.988795,-82.937825
T-29,358,106,0.28,0,39.989051,-82.937736
T-29,359,107,0.28,6,39.98931,-82.937643
T-29,360,106,-0.28,0,39.98957,-82.93754
T-29,361,106,0,0,39.989823,-82.937435
T-29,362,105,-0.28,0,39.990068,-82.937311
T-29,363,104,-0.28,6,39.990316,-82.93717
T-29,364,103,-0.28,0,39.99055,-82.93702
T-29,365,102,-0.28,0,39.990761,-82.936846
T-29,366,102,0,6,39.990985,-82.93668
T-29,367,101,-0.28,0,39.99121,-82.936516
T-29,368,100,-0.28,0,39.991431,-82.936348
T-29,369,101,0.28,0,39.991651,-82.936173
T-29,370,101,0,0,39.991865,-82.935998
T-29,371,101,0,0,39.992081,-82.935823
T-29,372,100,-0.28,0,39.992291,-82.935643
T-29,373,100,0,6,39.992496,-82.935456
T-29,374,99,-0.28,0,39.992708,-82.935281
T-29,375,100,0.28,0,39.992915,-82.9351
T-29,376,101,0.28,0,39.993123,-82.934918
T-29,377,102,0.28,0,39.993333,-82.934731
T-29,378,101,-0.28,0,39.99355,-82.934553
T-29,379,100,-0.28,0,39.993765,-82.934373
T-29,380,100,0,0,39.99397,-82.934183
T-29,381,101,0.28,0,39.994178,-82.933993
T-29,382,99,-0.56,0,39.994383,-82.933801
T-29,383,98,-0.28,0,39.994578,-82.9336
T-29,384,98,0,0,39.994758,-82.933388
T-29,385,100,0.56,6,39.994946,-82.933173
T-29,386,102,0.56,0,39.99513,-82.932945
T-29,387,103,0.28,0,39.995311,-82.932706
T-29,388,105,0.56,6,39.995485,-82.932451
T-29,389,105,0,0,39.995661,-82.932198
T-29,390,105,0,0,39.995836,-82.93194
T-29,391,103,-0.56,0,39.996011,-82.931685
T-29,392,101,-0.56,0,39.996183,-82.931435
T-29,393,101,0,0,39.996356,-82.931186
T-29,394,101,0,0,39.996525,-82.930935
T-29,395,102,0.28,0,39.996693,-82.930681
T-29,396,102,0,0,39.996856,-82.930426
T-29,397,103,0.28,0,39.99702,-82.93017
T-29,398,105,0.56,0,39.997188,-82.92991
T-29,399,106,0.28,0,39.99736,-82.929645
T-29,400,106,0,0,39.997533,-82.92938
T-29,401,105,-0.28,0,39.997705,-82.929118
T-29,402,105,0,0,39.99788,-82.928856
T-29,403,106,0.28,0,39.998053,-82.928596
T-29,404,107,0.28,0,39.998225,-82.92833
T-29,405,108,0.28,0,39.998401,-82.928063
T-29,406,109,0.28,0,39.99858,-82.927795
T-29,407,110,0.28,0,39.998755,-82.92752
T-29,408,109,-0.28,0,39.99893,-82.927243
T-29,409,109,0,0,39.999111,-82.92697
T-29,410,109,0,0,39.999288,-82.926696
T-29,411,110,0.28,0,39.999466,-82.926425
T-29,412,111,0.28,0,39.999645,-82.92615
T-29,413,111,0,0,39.999826,-82.925875
T-29,414,110,-0.28,0,40.000008,-82.925598
T-29,415,110,0,0,40.000186,-82.925321
T-29,416,110,0,0,40.000365,-82.925045
T-29,417,110,0,0,40.00054,-82.924766
T-29,418,109,-0.28,0,40.000715,-82.92449
T-29,419,108,-0.28,0,40.000888,-82.924211
T-29,420,108,0,0,40.001063,-82.92394
T-29,421,108,0,0,40.001238,-82.923668
T-29,422,109,0.28,0,40.001415,-82.923396
T-29,423,108,-0.28,0,40.00159,-82.92312
T-29,424,108,0,0,40.001761,-82.922841
T-29,425,108,0,6,40.001931,-82.922563
T-29,426,109,0.28,0,40.0021,-82.922286
T-29,427,108,-0.28,0,40.002266,-82.922003
T-29,428,109,0.28,0,40.002433,-82.921718
T-29,429,109,0,0,40.0026,-82.921431
T-29,430,109,0,0,40.002765,-82.921146
T-29,431,110,0.28,0,40.002925,-82.920851
T-29,432,110,0,0,40.003086,-82.920556
T-29,433,110,0,0,40.003248,-82.920263
T-29,434,111,0.28,0,40.003411,-82.919968
T-29,435,111,0,0,40.003571,-82.91967
T-29,436,111,0,0,40.003733,-82.919371
T-29,437,112,0.28,0,40.003893,-82.91907
T-29,438,112,0,0,40.004053,-82.918766
T-29,439,113,0.28,0,40.004216,-82.918465
T-29,440,114,0.28,0,40.00438,-82.91816
T-29,441,115,0.28,0,40.004546,-82.917855
T-29,442,114,-0.28,0,40.004711,-82.917546
T-29,443,113,-0.28,0,40.004876,-82.91724
T-29,444,112,-0.28,0,40.005041,-82.916936
T-29,445,112,0,0,40.005208,-82.91664
T-29,446,111,-0.28,0,40.005373,-82.916341
T-29,447,110,-0.28,0,40.005536,-82.916045
T-29,448,110,0,0,40.005703,-82.915753
T-29,449,111,0.28,0,40.005866,-82.915461
T-29,450,111,0,0,40.006033,-82.915171
T-29,451,112,0.28,0,40.006195,-82.914873
T-29,452,112,0,0,40.006358,-82.914578
T-29,453,112,0,0,40.006521,-82.914281
T-29,454,113,0.28,0,40.006685,-82.913981
T-29,455,113,0,0,40.006848,-82.913676
T-29,456,113,0,0,40.007013,-82.913376
T-29,457,113,0,0,40.007171,-82.91307
T-29,458,112,-0.28,0,40.007335,-82.91277
T-29,459,113,0.28,0,40.007501,-82.912468
T-29,460,112,-0.28,0,40.007668,-82.912166
T-29,461,112,0,0,40.007835,-82.911871
T-29,462,111,-0.28,0,40.007996,-82.911573
T-29,463,111,0,0,40.00816,-82.911276
T-29,464,111,0,0,40.00833,-82.910986
T-29,465,111,0,0,40.008506,-82.910703
T-29,466,111,0,6,40.008686,-82.910425
T-29,467,111,0,0,40.008871,-82.910151
T-29,468,111,0,0,40.009061,-82.909881
T-29,469,112,0.28,0,40.009256,-82.909613
T-29,470,112,0,0,40.009446,-82.909345
T-29,471,112,0,0,40.009633,-82.909068
T-29,472,113,0.28,0,40.009815,-82.908786
T-29,473,113,0,0,40.009993,-82.908501
T-29,474,113,0,6,40.010163,-82.908208
T-29,475,113,0,0,40.010323,-82.907903
T-29,476,114,0.28,0,40.01048,-82.907593
T-29,477,114,0,6,40.01063,-82.907275
T-29,478,114,0,0,40.010763,-82.906946
T-29,479,114,0,6,40.010893,-82.906615
T-29,480,114,0,0,40.011016,-82.906278
T-29,481,114,0,0,40.011133,-82.905938
T-29,482,114,0,0,40.01125,-82.905598
T-29,483,113,-0.28,0,40.011366,-82.905258
T-29,484,112,-0.28,0,40.011483,-82.90492
T-29,485,110,-0.56,0,40.011601,-82.904588
T-29,486,108,-0.56,0,40.01172,-82.904263
T-29,487,108,0,6,40.011845,-82.903946
T-29,488,107,-0.28,0,40.011976,-82.90364
T-29,489,108,0.28,0,40.012121,-82.903341
T-29,490,107,-0.28,6,40.012281,-82.903058
T-29,491,105,-0.56,6,40.012455,-82.90279
T-29,492,105,0,6,40.012641,-82.902545
T-29,493,106,0.28,0,40.012835,-82.90231
T-29,494,106,0,6,40.013055,-82.902113
T-29,495,105,-0.28,6,40.013286,-82.901938
T-29,496,104,-0.28,6,40.013518,-82.901781
T-29,497,105,0.28,0,40.013761,-82.90165
T-29,498,107,0.56,6,40.014016,-82.901548
T-29,499,107,0,6,40.014276,-82.901461
T-29,500,107,0,0,40.01454,-82.901406
T-29,501,108,0.28,6,40.014805,-82.901373
T-29,502,108,0,6,40.01507,-82.901361
T-29,503,109,0.28,6,40.015331,-82.901391
T-29,504,109,0,6,40.015595,-82.901445
T-29,505,110,0.28,0,40.015861,-82.90152
T-29,506,112,0.56,6,40.016126,-82.901626
T-29,507,114,0.56,0,40.016393,-82.901755
T-29,508,116,0.56,0,40.016661,-82.901888
T-29,509,118,0.56,6,40.016936,-82.902035
T-29,510,119,0.28,0,40.017213,-82.902185
T-29,511,118,-0.28,0,40.01749,-82.902331
T-29,512,118,0,0,40.017765,-82.902476
T-29,513,118,0,0,40.018038,-82.90262
T-29,514,118,0,0,40.018311,-82.902761
T-29,515,117,-0.28,0,40.018585,-82.902903
T-29,516,116,-0.28,0,40.018856,-82.903045
T-29,517,115,-0.28,6,40.019128,-82.903183
T-29,518,115,0,0,40.0194,-82.903313
T-29,519,115,0,0,40.019676,-82.903426
T-29,520,115,0,0,40.01995,-82.90353
T-29,521,116,0.28,6,40.020226,-82.903625
T-29,522,116,0,0,40.02051,-82.903688
T-29,523,117,0.28,6,40.020796,-82.903733
T-29,524,117,0,6,40.02109,-82.90375
T-29,525,118,0.28,0,40.021386,-82.90376
T-29,526,117,-0.28,0,40.021685,-82.903755
T-29,527,116,-0.28,0,40.021983,-82.903745
T-29,528,117,0.28,0,40.022278,-82.903735
T-29,529,118,0.28,0,40.022575,-82.903723
T-29,530,116,-0.56,0,40.022873,-82.903711
T-29,531,115,-0.28,0,40.023168,-82.9037
T-29,532,113,-0.56,0,40.02346,-82.903686
T-29,533,112,-0.28,0,40.023743,-82.903671
T-29,534,110,-0.56,0,40.024023,-82.903656
T-29,535,109,-0.28,0,40.0243,-82.90364
T-29,536,109,0,0,40.024573,-82.903626
T-29,537,109,0,0,40.024843,-82.903615
T-29,538,109,0,0,40.025113,-82.903603
T-29,539,109,0,0,40.025385,-82.903591
T-29,540,109,0,0,40.025656,-82.903576
T-29,541,109,0,6,40.025926,-82.903556
T-29,542,110,0.28,0,40.0262,-82.903538
T-29,543,110,0,0,40.026476,-82.903518
T-29,544,111,0.28,0,40.02675,-82.903498
T-29,545,109,-0.56,0,40.027025,-82.90348
T-29,546,109,0,0,40.027298,-82.903458
T-29,547,109,0,0,40.027573,-82.903438
T-29,548,108,-0.28,0,40.027846,-82.903416
T-29,549,107,-0.28,0,40.02812,-82.903396
T-29,550,105,-0.56,0,40.028386,-82.903375
T-29,551,104,-0.28,0,40.028655,-82.903355
T-29,552,104,0,0,40.028916,-82.903335
T-29,553,103,-0.28,0,40.029175,-82.903313
T-29,554,102,-0.28,0,40.029433,-82.903291
T-29,555,101,-0.28,0,40.029683,-82.903268
T-29,556,100,-0.28,0,40.029936,-82.903246
T-29,557,100,0,6,40.030188,-82.90323
T-29,558,100,0,6,40.030438,-82.903211
T-29,559,100,0,0,40.03069,-82.903193
T-29,560,99,-0.28,0,40.03094,-82.903175
T-29,561,98,-0.28,0,40.03119,-82.903155
T-29,562,100,0.56,0,40.031443,-82.903136
T-29,563,101,0.28,0,40.0317,-82.90312
T-29,564,101,0,6,40.031953,-82.903105
T-29,565,101,0,0,40.032208,-82.90309
T-29,566,102,0.28,6,40.032463,-82.903073
T-29,567,103,0.28,0,40.03272,-82.903053
T-29,568,102,-0.28,0,40.032978,-82.903035
T-29,569,100,-0.56,0,40.033231,-82.903011
T-29,570,99,-0.28,0,40.033483,-82.902995
T-29,571,98,-0.28,0,40.033736,-82.902978
T-29,572,100,0.56,0,40.033988,-82.90296
T-29,573,101,0.28,0,40.034246,-82.902941
T-29,574,100,-0.28,0,40.034503,-82.902925
T-29,575,101,0.28,0,40.034755,-82.902906
T-29,576,102,0.28,0,40.035006,-82.90289
T-29,577,104,0.56,0,40.03526,-82.902871
T-29,578,105,0.28,0,40.03552,-82.90285
T-29,579,104,-0.28,0,40.03578,-82.902831
T-29,580,102,-0.56,6,40.036036,-82.902813
T-29,581,102,0,6,40.03629,-82.902795
T-29,582,101,-0.28,0,40.036545,-82.902773
T-29,583,102,0.28,0,40.036801,-82.902753
T-29,584,103,0.28,0,40.037058,-82.902731
T-29,585,104,0.28,0,40.037318,-82.902713
T-29,586,105,0.28,0,40.03758,-82.902695
T-29,587,105,0,0,40.037841,-82.902675
T-29,588,106,0.28,0,40.038106,-82.902655
T-29,589,106,0,0,40.03837,-82.902635
T-29,590,105,-0.28,0,40.038636,-82.902615
T-29,591,105,0,0,40.0389,-82.902596
T-29,592,104,-0.28,6,40.039163,-82.90258
T-29,593,103,-0.28,6,40.039425,-82.902561
T-29,594,103,0,0,40.039681,-82.902543
T-29,595,103,0,0,40.039941,-82.902523
T-29,596,105,0.56,0,40.040201,-82.902503
T-29,597,105,0,0,40.040463,-82.902485
T-29,598,105,0,6,40.040726,-82.902465
T-29,599,106,0.28,6,40.040991,-82.902446
T-29,600,106,0,0,40.041256,-82.902426
T-29,601,106,0,0,40.041521,-82.902403
T-29,602,106,0,0,40.041788,-82.902381
T-29,603,106,0,0,40.042058,-82.902363
T-29,604,105,-0.28,0,40.042326,-82.902345
T-29,605,104,-0.28,0,40.042593,-82.902326
T-29,606,102,-0.56,0,40.042856,-82.902308
T-29,607,102,0,0,40.043118,-82.902288
T-29,608,103,0.28,0,40.043381,-82.90227
T-29,609,102,-0.28,0,40.043645,-82.90225
T-29,610,104,0.56,0,40.043908,-82.902231
T-29,611,104,0,0,40.044173,-82.90221
T-29,612,104,0,0,40.044436,-82.90219
T-29,613,104,0,0,40.044698,-82.902168
T-29,614,103,-0.28,0,40.044958,-82.90215
T-29,615,102,-0.28,0,40.045216,-82.902131
T-29,616,100,-0.56,0,40.045475,-82.902111
T-29,617,101,0.28,0,40.04573,-82.90209
T-29,618,101,0,0,40.045983,-82.902066
T-29,619,103,0.56,0,40.046243,-82.90204
T-29,620,104,0.28,0,40.046505,-82.90201
T-29,621,105,0.28,0,40.046766,-82.901985
T-29,622,106,0.28,0,40.047035,-82.901965
T-29,623,104,-0.56,0,40.0473,-82.901946
T-29,624,104,0,0,40.04756,-82.901928
T-29,625,104,0,6,40.04782,-82.901913
T-29,626,103,-0.28,0,40.048078,-82.9019
T-29,627,102,-0.28,0,40.048341,-82.901893
T-29,628,103,0.28,0,40.048603,-82.901885
T-29,629,103,0,0,40.048863,-82.901881
T-29,630,104,0.28,0,40.049125,-82.901883
T-29,631,103,-0.28,0,40.049386,-82.901886
T-29,632,102,-0.28,0,40.049648,-82.90189
T-29,633,100,-0.56,0,40.049908,-82.9019
T-29,634,100,0,0,40.050161,-82.901911
T-29,635,98,-0.56,0,40.050413,-82.901923
T-29,636,97,-0.28,0,40.050661,-82.901936
T-29,637,97,0,0,40.050908,-82.901953
T-29,638,96,-0.28,6,40.051153,-82.901973
T-29,639,95,-0.28,0,40.051396,-82.901998
T-29,640,94,-0.28,0,40.051631,-82.902018
T-29,641,93,-0.28,0,40.051866,-82.902041
T-29,642,93,0,0,40.052098,-82.902063
T-29,643,93,0,0,40.05233,-82.90209
T-29,644,92,-0.28,0,40.052563,-82.902116
T-29,645,92,0,0,40.052795,-82.902146
T-29,646,91,-0.28,0,40.053025,-82.90218
T-29,647,91,0,0,40.053251,-82.902205
T-29,648,91,0,0,40.05348,-82.902228
T-29,649,88,-0.83,0,40.05371,-82.90225
T-29,650,79,-2.5,0,40.053925,-82.902268
T-29,651,76,-0.83,0,40.054126,-82.902283
T-29,652,75,-0.28,6,40.05432,-82.902293
T-29,653,73,-0.56,0,40.054508,-82.902295
T-29,654,72,-0.28,6,40.054693,-82.902278
T-29,655,70,-0.56,0,40.054876,-82.90225
T-29,656,62,-2.22,6,40.055045,-82.902213
T-29,657,55,-1.94,0,40.05521,-82.90218
T-29,658,53,-0.56,0,40.05537,-82.902146
T-29,659,53,0,6,40.055528,-82.902116
T-29,660,53,0,0,40.055696,-82.902085
T-29,661,55,0.56,12,40.05582,-82.902013
T-29,662,57,0.56,6,40.055945,-82.901925
T-29,663,58,0.28,0,40.056075,-82.901841
T-29,664,57,-0.28,0,40.056206,-82.901761
T-29,665,57,0,0,40.056333,-82.901683
T-29,666,56,-0.28,0,40.056461,-82.90161
T-29,667,53,-0.83,6,40.056591,-82.901546
T-29,668,49,-1.11,6,40.056713,-82.901498
T-29,669,42,-1.94,6,40.056828,-82.90148
T-29,670,34,-2.22,0,40.056928,-82.90146
T-29,671,31,-0.83,6,40.057011,-82.901435
T-29,672,28,-0.83,18,40.057073,-82.901386
T-29,673,29,0.28,12,40.05711,-82.901313
T-29,674,34,1.39,30,40.057128,-82.901215
T-29,675,40,1.67,18,40.057118,-82.901088
T-29,676,46,1.67,6,40.057108,-82.900946
T-29,677,49,0.83,0,40.057095,-82.900793
T-29,678,54,1.39,0,40.05708,-82.90063
T-29,679,58,1.11,0,40.057065,-82.900448
T-29,680,61,0.83,0,40.05705,-82.900255
T-29,681,64,0.83,0,40.057035,-82.90005
T-29,682,65,0.28,0,40.057021,-82.899836
T-29,683,67,0.56,0,40.057008,-82.89962
T-29,684,69,0.56,0,40.056995,-82.899398
T-29,685,68,-0.28,0,40.056981,-82.899166
T-29,686,59,-2.5,0,40.05697,-82.898945
T-29,687,51,-2.22,6,40.05696,-82.898748
T-29,688,46,-1.39,6,40.05695,-82.898576
T-29,689,37,-2.5,0,40.056938,-82.898426
T-29,690,28,-2.5,0,40.056931,-82.898306
T-29,691,18,-2.78,0,40.056925,-82.898211
T-29,692,10,-2.22,0,40.056921,-82.89815
T-29,693,4,-1.67,0,40.056918,-82.898116
T-29,694,2,-0.56,0,40.056915,-82.898103
T-29,695,0,-0.56,0,40.056913,-82.898091
T-29,696,0,0.0,0,40.056913,-82.898086
T-29,697,0,0.0,0,40.056913,-82.898083
T-29,698,0,0.0,0,40.056911,-82.898081
T-29,699,0,0.0,0,40.056911,-82.898081
T-29,700,0,0.0,0,40.056911,-82.89808
T-29,701,0,0.0,0,40.056911,-82.89808
T-29,702,0,0.0,0,40.056911,-82.89808
T-29,703,0,0.0,0,40.056911,-82.89808
T-29,704,8,2.22,0,40.056911,-82.89808
T-29,705,17,2.5,0,40.056906,-82.898056
T-29,706,24,1.94,0,40.0569,-82.897996
T-29,707,31,1.94,0,40.056891,-82.897913
T-29,708,38,1.94,0,40.056883,-82.89781
T-29,709,44,1.67,0,40.056875,-82.897683
T-29,710,49,1.39,0,40.056866,-82.897538
T-29,711,54,1.39,0,40.056856,-82.897373
T-29,712,56,0.56,0,40.056846,-82.897195
T-29,713,59,0.83,0,40.056836,-82.89701
T-29,714,63,1.11,0,40.056828,-82.896811
T-29,715,65,0.56,0,40.056816,-82.896603
T-29,716,66,0.28,6,40.056806,-82.89639
T-29,717,67,0.28,0,40.056796,-82.896171
T-29,718,68,0.28,0,40.056786,-82.895951
T-29,719,69,0.28,6,40.056778,-82.895731
T-29,720,69,0,0,40.056768,-82.89551
T-29,721,70,0.28,0,40.056756,-82.895288
T-29,722,71,0.28,0,40.056741,-82.895066
T-29,723,73,0.56,0,40.056725,-82.89484
T-29,724,73,0,0,40.056708,-82.89461
T-29,725,73,0,0,40.056695,-82.894373
T-29,726,73,0,0,40.056681,-82.894136
T-29,727,72,-0.28,0,40.056666,-82.893903
T-29,728,72,0,0,40.056653,-82.893671
T-29,729,72,0,0,40.056638,-82.893436
T-29,730,74,0.56,0,40.056626,-82.8932
T-29,731,74,0,0,40.056613,-82.892956
T-29,732,74,0,0,40.056601,-82.89271
T-29,733,76,0.56,0,40.056591,-82.892458
T-29,734,75,-0.28,0,40.05658,-82.892206
T-29,735,75,0,0,40.056566,-82.89196
T-29,736,75,0,0,40.056553,-82.891711
T-29,737,75,0,0,40.05654,-82.891465
T-29,738,74,-0.28,0,40.056526,-82.891218
T-29,739,74,0,0,40.056516,-82.890971
T-29,740,74,0,0,40.056505,-82.890726
T-29,741,75,0.28,0,40.056491,-82.89048
T-29,742,76,0.28,0,40.056476,-82.890233
T-29,743,75,-0.28,0,40.05646,-82.88999
T-29,744,74,-0.28,0,40.056446,-82.889745
T-29,745,74,0,0,40.056436,-82.8895
T-29,746,75,0.28,0,40.056425,-82.889255
T-29,747,75,0,0,40.056411,-82.889008
T-29,748,74,-0.28,0,40.056401,-82.888758
T-29,749,73,-0.28,0,40.056388,-82.88851
T-29,750,71,-0.56,0,40.056376,-82.888268
T-29,751,68,-0.83,0,40.056365,-82.888035
T-29,752,66,-0.56,0,40.056353,-82.887813
T-29,753,64,-0.56,0,40.056341,-82.887596
T-29,754,62,-0.56,0,40.05633,-82.887385
T-29,755,60,-0.56,0,40.056318,-82.887178
T-29,756,58,-0.56,0,40.056308,-82.886981
T-29,757,58,0,0,40.056296,-82.88679
T-29,758,58,0,0,40.056286,-82.886596
T-29,759,58,0,0,40.056276,-82.886405
T-29,760,60,0.56,0,40.05627,-82.886211
T-29,761,62,0.56,0,40.056261,-82.886013
T-29,762,65,0.83,0,40.056251,-82.885806
T-29,763,66,0.28,0,40.056238,-82.885593
T-29,764,65,-0.28,0,40.056228,-82.885378
T-29,765,61,-1.11,0,40.056218,-82.885165
T-29,766,56,-1.39,0,40.056208,-82.884968
T-29,767,54,-0.56,6,40.0562,-82.884783
T-29,768,54,0,6,40.056188,-82.884603
T-29,769,56,0.56,0,40.056178,-82.884425
T-29,770,59,0.83,0,40.056168,-82.884236
T-29,771,62,0.83,0,40.056156,-82.88404
T-29,772,66,1.11,0,40.056148,-82.883836
T-29,773,69,0.83,0,40.056138,-82.88362
T-29,774,70,0.28,0,40.056128,-82.883395
T-29,775,72,0.56,0,40.056116,-82.883166
T-29,776,74,0.56,0,40.056105,-82.88293
T-29,777,74,0,0,40.056095,-82.882688
T-29,778,74,0,6,40.056085,-82.882446
T-29,779,77,0.83,6,40.056076,-82.882201
T-29,780,78,0.28,0,40.056065,-82.881953
T-29,781,77,-0.28,0,40.056053,-82.8817
T-29,782,77,0,6,40.056043,-82.881448
T-29,783,78,0.28,0,40.056036,-82.881196
T-29,784,77,-0.28,6,40.056028,-82.880941
T-29,785,78,0.28,0,40.056016,-82.880686
T-29,786,78,0,0,40.056003,-82.880431
T-29,787,76,-0.56,0,40.05599,-82.880178
T-29,788,73,-0.83,0,40.055978,-82.879931
T-29,789,74,0.28,0,40.055968,-82.87969
T-29,790,77,0.83,0,40.055955,-82.879446
T-29,791,77,0,0,40.055941,-82.879195
T-29,792,78,0.28,0,40.05593,-82.87894
T-29,793,79,0.28,0,40.055918,-82.878685
T-29,794,81,0.56,0,40.055905,-82.878425
T-29,795,82,0.28,0,40.05589,-82.87816
T-29,796,81,-0.28,0,40.055876,-82.877895
T-29,797,80,-0.28,0,40.055863,-82.877628
T-29,798,80,0,0,40.055853,-82.877365
T-29,799,81,0.28,6,40.055843,-82.877101
T-29,800,82,0.28,6,40.05583,-82.876835
T-29,801,82,0,0,40.055816,-82.876566
T-29,802,80,-0.56,0,40.055805,-82.8763
T-29,803,79,-0.28,0,40.055791,-82.876036
T-29,804,78,-0.28,0,40.055778,-82.875778
T-29,805,78,0,0,40.055766,-82.875521
T-29,806,74,-1.11,0,40.055755,-82.875266
T-29,807,72,-0.56,0,40.055741,-82.875023
T-29,808,70,-0.56,0,40.05573,-82.874786
T-29,809,69,-0.28,0,40.055718,-82.874558
T-29,810,68,-0.28,0,40.055708,-82.874333
T-29,811,66,-0.56,0,40.055696,-82.87411
T-29,812,62,-1.11,0,40.055686,-82.873896
T-29,813,59,-0.83,0,40.055676,-82.873696
T-29,814,57,-0.56,0,40.055668,-82.873503
T-29,815,55,-0.56,0,40.055656,-82.873316
T-29,816,55,0,0,40.055646,-82.873135
T-29,817,54,-0.28,0,40.055638,-82.872955
T-29,818,51,-0.83,6,40.055631,-82.87278
T-29,819,48,-0.83,0,40.055625,-82.872611
T-29,820,46,-0.56,6,40.055618,-82.872453
T-29,821,46,0,0,40.05561,-82.8723
T-29,822,47,0.28,0,40.055605,-82.872146
T-29,823,47,0,0,40.055596,-82.871993
T-29,824,44,-0.83,0,40.055588,-82.871841
T-29,825,41,-0.83,0,40.055581,-82.871696
T-29,826,37,-1.11,0,40.055578,-82.871565
T-29,827,33,-1.11,0,40.055573,-82.871446
T-29,828,30,-0.83,6,40.055568,-82.87134
T-29,829,26,-1.11,0,40.055565,-82.87124
T-29,830,21,-1.39,0,40.055561,-82.871155
T-29,831,17,-1.11,0,40.05556,-82.871086
T-29,832,14,-0.83,6,40.055558,-82.871031
T-29,833,13,-0.28,0,40.055556,-82.870985
T-29,834,14,0.28,0,40.055555,-82.870938
T-29,835,15,0.28,6,40.055553,-82.87089
T-29,836,13,-0.56,0,40.055551,-82.870841
T-29,837,11,-0.56,0,40.055551,-82.8708
T-29,838,10,-0.28,0,40.055551,-82.870761
T-29,839,9,-0.28,0,40.05555,-82.87073
T-29,840,12,0.83,0,40.055546,-82.870698
T-29,841,16,1.11,0,40.055545,-82.870655
T-29,842,22,1.67,0,40.055541,-82.870596
T-29,843,26,1.11,6,40.055536,-82.870521
T-29,844,29,0.83,0,40.055533,-82.870431
T-29,845,27,-0.56,6,40.055531,-82.870338
T-29,846,22,-1.39,0,40.055528,-82.870251
T-29,847,17,-1.39,6,40.055525,-82.87018
T-29,848,13,-1.11,0,40.055523,-82.870125
T-29,849,8,-1.39,0,40.055521,-82.870083
T-29,850,5,-0.83,0,40.055518,-82.870055
T-29,851,3,-0.56,0,40.055518,-82.870036
T-29,852,1,-0.56,0,40.055515,-82.870026
T-29,853,0,-0.28,0,40.055511,-82.87002
T-29,854,0,0.0,0,40.055511,-82.87002
T-29,855,0,0.0,0,40.055511,-82.87002
T-29,856,0,0.0,0,40.05551,-82.87002
T-29,857,1,0.28,0,40.05551,-82.87002
T-29,858,1,0,0,40.05551,-82.87002
T-29,859,0,-0.28,0,40.05551,-82.87002
T-29,860,0,0.0,0,40.05551,-82.870018
T-29,861,3,0.83,0,40.05551,-82.870011
T-29,862,6,0.83,6,40.05551,-82.869998
T-29,863,5,-0.28,0,40.055513,-82.869976
T-29,864,7,0.56,0,40.055511,-82.869958
T-29,865,9,0.56,0,40.055515,-82.86993
T-29,866,11,0.56,0,40.055516,-82.869896
T-29,867,13,0.56,0,40.055511,-82.869858
T-29,868,11,-0.56,0,40.05551,-82.86982
T-29,869,5,-1.67,6,40.05551,-82.869791
T-29,870,4,-0.28,0,40.055505,-82.869771
T-29,871,6,0.56,0,40.055503,-82.869756
T-29,872,9,0.83,0,40.0555,-82.869731
T-29,873,9,0,0,40.0555,-82.869701
T-29,874,9,0,0,40.055498,-82.869668
T-29,875,11,0.56,0,40.055498,-82.869638
T-29,876,11,0,0,40.055496,-82.8696
T-29,877,12,0.28,0,40.055493,-82.869561
T-29,878,11,-0.28,0,40.055491,-82.869521
T-29,879,7,-1.11,0,40.05549,-82.869486
T-29,880,6,-0.28,0,40.055488,-82.869461
T-29,881,4,-0.56,0,40.05549,-82.86944
T-29,882,3,-0.28,0,40.05549,-82.869423
T-29,883,4,0.28,0,40.055488,-82.86941
T-29,884,4,0,0,40.055488,-82.869398
T-29,885,4,0,6,40.055486,-82.869385
T-29,886,3,-0.28,0,40.055486,-82.86937
T-29,887,1,-0.56,0,40.055485,-82.86936
T-29,888,0,-0.28,0,40.055486,-82.869353
T-29,889,0,0.0,0,40.055488,-82.86935
T-29,890,3,0.83,0,40.055485,-82.869345
T-29,891,6,0.83,0,40.055485,-82.869331
T-29,892,6,0,0,40.055485,-82.869311
T-29,893,5,-0.28,6,40.055485,-82.869291
T-29,894,5,0,0,40.055483,-82.869275
T-29,895,8,0.83,6,40.055483,-82.869255
T-29,896,10,0.56,0,40.055481,-82.869228
T-29,897,8,-0.56,6,40.055481,-82.869196
T-29,898,7,-0.28,0,40.05548,-82.86917
T-29,899,6,-0.28,0,40.055478,-82.869145
T-29,900,6,0,6,40.055478,-82.869123
T-29,901,5,-0.28,0,40.055476,-82.869103
T-29,902,1,-1.11,6,40.055475,-82.869088
T-29,903,0,-0.28,0,40.055475,-82.869081
T-29,904,1,0.28,0,40.055473,-82.869078
T-29,905,1,0,0,40.055473,-82.86907
T-29,906,0,-0.28,0,40.055475,-82.869066
T-29,907,2,0.56,0,40.055473,-82.869063
T-29,908,5,0.83,6,40.055471,-82.869051
T-29,909,6,0.28,0,40.055471,-82.869033
T-29,910,4,-0.56,0,40.055471,-82.869016
T-29,911,4,0,0,40.05547,-82.869
T-29,912,3,-0.28,0,40.055468,-82.868986
T-29,913,3,0,0,40.055466,-82.868973
T-29,914,4,0.28,0,40.055465,-82.868961
T-29,915,3,-0.28,6,40.055465,-82.868946
T-29,916,0,-0.83,0,40.055463,-82.86894
T-29,917,1,0.28,0,40.055463,-82.868936
T-29,918,4,0.83,0,40.055463,-82.868928
T-29,919,6,0.56,0,40.055461,-82.868913
T-29,920,1,-1.39,0,40.055461,-82.868898
T-29,921,0,-0.28,0,40.055465,-82.868891
T-29,922,0,0.0,0,40.055465,-82.868891
T-29,923,0,0.0,0,40.055466,-82.868891
T-29,924,1,0.28,0,40.055468,-82.868893
T-29,925,6,1.39,0,40.055468,-82.868893
T-29,926,13,1.94,0,40.055465,-82.868878
T-29,927,19,1.67,0,40.05546,-82.868835
T-29,928,25,1.67,0,40.055453,-82.86877
T-29,929,30,1.39,0,40.055441,-82.868686
T-29,930,34,1.11,6,40.055428,-82.868591
T-29,931,32,-0.56,6,40.05542,-82.868485
T-29,932,30,-0.56,6,40.055415,-82.868385
T-29,933,27,-0.83,6,40.05541,-82.868285
T-29,934,22,-1.39,6,40.05539,-82.868201
T-29,935,15,-1.94,6,40.055363,-82.86814
T-29,936,12,-0.83,12,40.055335,-82.868098
T-29,937,11,-0.28,12,40.05531,-82.868076
T-29,938,12,0.28,18,40.05528,-82.868066
T-29,939,16,1.11,0,40.055245,-82.868043
T-29,940,19,0.83,6,40.055216,-82.868008
T-29,941,20,0.28,12,40.055191,-82.867958
T-29,942,19,-0.28,24,40.055185,-82.867901
T-29,943,13,-1.67,12,40.055178,-82.867843
T-29,944,4,-2.5,0,40.055176,-82.867806
T-29,945,0,-1.11,0,40.055176,-82.867795
T-29,946,0,0.0,0,40.055176,-82.867791
T-29,947,0,0.0,0,40.055178,-82.86779
T-29,948,0,0.0,0,40.055178,-82.86779
T-29,949,0,0.0,0,40.055178,-82.86779
T-29,950,0,0.0,0,40.055178,-82.86779
T-29,951,0,0.0,0,40.055178,-82.86779
T-29,952,0,0.0,0,40.055178,-82.86779
T-29,953,0,0.0,0,40.055178,-82.867783
T-29,954,3,0.83,0,40.055178,-82.86779
T-29,955,1,-0.56,0,40.05518,-82.867798
T-29,956,0,-0.28,0,40.05518,-82.8678
